"STATION","DATE","LATITUDE","LONGITUDE","ELEVATION","NAME","PRCP","PRCP_ATTRIBUTES","SNOW","SNOW_ATTRIBUTES","DAPR","DAPR_ATTRIBUTES","MDPR","MDPR_ATTRIBUTES"
"US1KYSH0012","2018-09-23","38.2801","-85.0975","273.1","SHELBYVILLE 8.4 ENE, KY US","  290",",,N",,,,,,
"US1KYSH0012","2018-09-24","38.2801","-85.0975","273.1","SHELBYVILLE 8.4 ENE, KY US","  257",",,N",,,,,,
"US1KYSH0012","2018-09-25","38.2801","-85.0975","273.1","SHELBYVILLE 8.4 ENE, KY US","  445",",,N",,,,,,
"US1KYSH0012","2018-09-26","38.2801","-85.0975","273.1","SHELBYVILLE 8.4 ENE, KY US","  246",",,N",,,,,,
"US1KYSH0012","2018-09-27","38.2801","-85.0975","273.1","SHELBYVILLE 8.4 ENE, KY US","    0",",,N","    0",",,N",,,,
"US1KYSH0012","2018-09-28","38.2801","-85.0975","273.1","SHELBYVILLE 8.4 ENE, KY US","    5",",,N",,,,,,
"US1KYSH0012","2018-09-29","38.2801","-85.0975","273.1","SHELBYVILLE 8.4 ENE, KY US","    0",",,N","    0",",,N",,,,
"US1KYSH0012","2018-09-30","38.2801","-85.0975","273.1","SHELBYVILLE 8.4 ENE, KY US","    0",",,N","    0",",,N",,,,
"US1KYSH0012","2018-10-01","38.2801","-85.0975","273.1","SHELBYVILLE 8.4 ENE, KY US","    0",",,N","    0",",,N",,,,
"US1KYSH0012","2018-10-02","38.2801","-85.0975","273.1","SHELBYVILLE 8.4 ENE, KY US","    0",",,N","    0",",,N",,,,
"US1KYSH0012","2018-10-03","38.2801","-85.0975","273.1","SHELBYVILLE 8.4 ENE, KY US","    0",",,N","    0",",,N",,,,
"US1KYSH0012","2018-10-04","38.2801","-85.0975","273.1","SHELBYVILLE 8.4 ENE, KY US","    0",",,N","    0",",,N",,,,
"US1KYSH0012","2018-10-05","38.2801","-85.0975","273.1","SHELBYVILLE 8.4 ENE, KY US","   46",",,N",,,,,,
"US1KYSH0012","2018-10-06","38.2801","-85.0975","273.1","SHELBYVILLE 8.4 ENE, KY US","    3",",,N",,,,,,
"US1KYSH0012","2018-10-07","38.2801","-85.0975","273.1","SHELBYVILLE 8.4 ENE, KY US","    0",",,N","    0",",,N",,,,
"US1KYSH0012","2018-10-08","38.2801","-85.0975","273.1","SHELBYVILLE 8.4 ENE, KY US","    0",",,N","    0",",,N",,,,
"US1KYSH0012","2018-10-09","38.2801","-85.0975","273.1","SHELBYVILLE 8.4 ENE, KY US","    0",",,N","    0",",,N",,,,
"US1KYSH0012","2018-10-10","38.2801","-85.0975","273.1","SHELBYVILLE 8.4 ENE, KY US","    0",",,N","    0",",,N",,,,
"US1KYSH0012","2018-10-11","38.2801","-85.0975","273.1","SHELBYVILLE 8.4 ENE, KY US","  102",",,N",,,,,,
"US1KYSH0012","2018-10-12","38.2801","-85.0975","273.1","SHELBYVILLE 8.4 ENE, KY US","    0","T,,N",,,,,,
"US1KYSH0012","2018-10-13","38.2801","-85.0975","273.1","SHELBYVILLE 8.4 ENE, KY US","   43",",,N",,,,,,
"US1KYSH0012","2018-10-14","38.2801","-85.0975","273.1","SHELBYVILLE 8.4 ENE, KY US","   43",",,N",,,,,,
"US1KYSH0012","2018-10-15","38.2801","-85.0975","273.1","SHELBYVILLE 8.4 ENE, KY US","   48",",,N",,,,,,
"US1KYSH0012","2018-10-16","38.2801","-85.0975","273.1","SHELBYVILLE 8.4 ENE, KY US","  231",",,N",,,,,,
"US1KYSH0012","2018-10-17","38.2801","-85.0975","273.1","SHELBYVILLE 8.4 ENE, KY US","    0",",,N","    0",",,N",,,,
"US1KYSH0012","2018-10-18","38.2801","-85.0975","273.1","SHELBYVILLE 8.4 ENE, KY US","    0",",,N","    0",",,N",,,,
"US1KYSH0012","2018-10-19","38.2801","-85.0975","273.1","SHELBYVILLE 8.4 ENE, KY US","    0",",,N","    0",",,N",,,,
"US1KYSH0012","2018-10-20","38.2801","-85.0975","273.1","SHELBYVILLE 8.4 ENE, KY US","   53",",,N",,,,,,
"US1KYSH0012","2018-10-21","38.2801","-85.0975","273.1","SHELBYVILLE 8.4 ENE, KY US","    0","T,,N",,,,,,
"US1KYSH0012","2018-10-22","38.2801","-85.0975","273.1","SHELBYVILLE 8.4 ENE, KY US","    0",",,N","    0",",,N",,,,
"US1KYSH0012","2018-10-23","38.2801","-85.0975","273.1","SHELBYVILLE 8.4 ENE, KY US","    0",",,N","    0",",,N",,,,
"US1KYSH0012","2018-10-24","38.2801","-85.0975","273.1","SHELBYVILLE 8.4 ENE, KY US","    0",",,N","    0",",,N",,,,
"US1KYSH0012","2018-10-28","38.2801","-85.0975","273.1","SHELBYVILLE 8.4 ENE, KY US",,,,,"    4",",,N","  119",",,N"
"US1KYSH0012","2018-10-29","38.2801","-85.0975","273.1","SHELBYVILLE 8.4 ENE, KY US","    5",",,N",,,,,,
"US1KYSH0012","2018-10-30","38.2801","-85.0975","273.1","SHELBYVILLE 8.4 ENE, KY US","    0",",,N","    0",",,N",,,,
"US1KYSH0012","2018-10-31","38.2801","-85.0975","273.1","SHELBYVILLE 8.4 ENE, KY US","    0",",,N","    0",",,N",,,,
"US1KYSH0012","2018-11-01","38.2801","-85.0975","273.1","SHELBYVILLE 8.4 ENE, KY US","  452",",,N",,,,,,
"US1KYSH0012","2018-11-02","38.2801","-85.0975","273.1","SHELBYVILLE 8.4 ENE, KY US","  259",",,N",,,,,,
"US1KYSH0012","2018-11-03","38.2801","-85.0975","273.1","SHELBYVILLE 8.4 ENE, KY US","    3",",,N",,,,,,
"US1KYSH0012","2018-11-04","38.2801","-85.0975","273.1","SHELBYVILLE 8.4 ENE, KY US","    0",",,N","    0",",,N",,,,
"US1KYSH0012","2018-11-05","38.2801","-85.0975","273.1","SHELBYVILLE 8.4 ENE, KY US","   76",",,N",,,,,,
"US1KYSH0012","2018-11-06","38.2801","-85.0975","273.1","SHELBYVILLE 8.4 ENE, KY US","  457",",,N",,,,,,
"US1KYSH0012","2018-11-07","38.2801","-85.0975","273.1","SHELBYVILLE 8.4 ENE, KY US","    3",",,N",,,,,,
"US1KYSH0012","2018-11-08","38.2801","-85.0975","273.1","SHELBYVILLE 8.4 ENE, KY US","    0",",,N","    0",",,N",,,,
"US1KYSH0012","2018-11-09","38.2801","-85.0975","273.1","SHELBYVILLE 8.4 ENE, KY US","   15",",,N",,,,,,
"US1KYSH0012","2018-11-10","38.2801","-85.0975","273.1","SHELBYVILLE 8.4 ENE, KY US","   41",",,N",,,,,,
"US1KYSH0012","2018-11-11","38.2801","-85.0975","273.1","SHELBYVILLE 8.4 ENE, KY US","    0",",,N","    0",",,N",,,,
"US1KYSH0012","2018-11-12","38.2801","-85.0975","273.1","SHELBYVILLE 8.4 ENE, KY US","    0",",,N","    0",",,N",,,,
"US1KYSH0012","2018-11-13","38.2801","-85.0975","273.1","SHELBYVILLE 8.4 ENE, KY US","   48",",,N",,,,,,
"US1KYSH0012","2018-11-14","38.2801","-85.0975","273.1","SHELBYVILLE 8.4 ENE, KY US","    0","T,,N",,,,,,
"US1KYSH0012","2018-11-15","38.2801","-85.0975","273.1","SHELBYVILLE 8.4 ENE, KY US","  170",",,N",,,,,,
"US1KYSH0012","2018-11-17","38.2801","-85.0975","273.1","SHELBYVILLE 8.4 ENE, KY US",,,,,"    2",",,N","   15",",,N"
"US1KYSH0012","2018-11-18","38.2801","-85.0975","273.1","SHELBYVILLE 8.4 ENE, KY US","    0",",,N","    0",",,N",,,,
"US1KYSH0012","2018-11-19","38.2801","-85.0975","273.1","SHELBYVILLE 8.4 ENE, KY US","    0",",,N","    0",",,N",,,,
"US1KYSH0012","2018-11-20","38.2801","-85.0975","273.1","SHELBYVILLE 8.4 ENE, KY US","   10",",,N",,,,,,
"US1KYSH0012","2018-11-21","38.2801","-85.0975","273.1","SHELBYVILLE 8.4 ENE, KY US","    0",",,N","    0",",,N",,,,
"US1KYSH0012","2018-11-22","38.2801","-85.0975","273.1","SHELBYVILLE 8.4 ENE, KY US","    0",",,N","    0",",,N",,,,
"US1KYSH0012","2018-11-23","38.2801","-85.0975","273.1","SHELBYVILLE 8.4 ENE, KY US","    0",",,N","    0",",,N",,,,
"US1KYSH0012","2018-11-24","38.2801","-85.0975","273.1","SHELBYVILLE 8.4 ENE, KY US","  102",",,N",,,,,,
"US1KYSH0012","2018-11-25","38.2801","-85.0975","273.1","SHELBYVILLE 8.4 ENE, KY US","    0",",,N","    0",",,N",,,,
"US1KYSH0012","2018-11-26","38.2801","-85.0975","273.1","SHELBYVILLE 8.4 ENE, KY US","   28",",,N",,,,,,
"US1KYSH0012","2018-11-27","38.2801","-85.0975","273.1","SHELBYVILLE 8.4 ENE, KY US","    0","T,,N",,,,,,
"US1KYSH0012","2018-11-28","38.2801","-85.0975","273.1","SHELBYVILLE 8.4 ENE, KY US","    0","T,,N",,,,,,
"US1KYSH0012","2018-11-29","38.2801","-85.0975","273.1","SHELBYVILLE 8.4 ENE, KY US","    0","T,,N",,,,,,
"US1KYSH0012","2018-11-30","38.2801","-85.0975","273.1","SHELBYVILLE 8.4 ENE, KY US","   51",",,N",,,,,,
"US1KYSH0012","2018-12-02","38.2801","-85.0975","273.1","SHELBYVILLE 8.4 ENE, KY US",,,,,"    2",",,N","  386",",,N"
"US1KYSH0012","2018-12-03","38.2801","-85.0975","273.1","SHELBYVILLE 8.4 ENE, KY US","    3",",,N",,,,,,
"US1KYSH0012","2018-12-04","38.2801","-85.0975","273.1","SHELBYVILLE 8.4 ENE, KY US","    5",",,N",,,,,,
"US1KYSH0012","2018-12-05","38.2801","-85.0975","273.1","SHELBYVILLE 8.4 ENE, KY US","    0","T,,N",,,,,,
"US1KYSH0012","2018-12-06","38.2801","-85.0975","273.1","SHELBYVILLE 8.4 ENE, KY US","    0",",,N","    0",",,N",,,,
"US1KYSH0012","2018-12-07","38.2801","-85.0975","273.1","SHELBYVILLE 8.4 ENE, KY US","    0",",,N","    0",",,N",,,,
"US1KYSH0012","2018-12-08","38.2801","-85.0975","273.1","SHELBYVILLE 8.4 ENE, KY US","    0",",,N","    0",",,N",,,,
"US1KYSH0012","2018-12-09","38.2801","-85.0975","273.1","SHELBYVILLE 8.4 ENE, KY US","    0",",,N","    0",",,N",,,,
"US1KYSH0012","2018-12-10","38.2801","-85.0975","273.1","SHELBYVILLE 8.4 ENE, KY US","    0",",,N","    0",",,N",,,,
"US1KYSH0012","2018-12-11","38.2801","-85.0975","273.1","SHELBYVILLE 8.4 ENE, KY US","    0",",,N","    0",",,N",,,,
"US1KYSH0012","2018-12-12","38.2801","-85.0975","273.1","SHELBYVILLE 8.4 ENE, KY US","    0",",,N","    0",",,N",,,,
"US1KYSH0012","2018-12-13","38.2801","-85.0975","273.1","SHELBYVILLE 8.4 ENE, KY US","    0",",,N","    0",",,N",,,,
"US1KYSH0012","2018-12-14","38.2801","-85.0975","273.1","SHELBYVILLE 8.4 ENE, KY US","    0","T,,N",,,,,,
"US1KYSH0012","2018-12-15","38.2801","-85.0975","273.1","SHELBYVILLE 8.4 ENE, KY US","  234",",,N",,,,,,
"US1KYSH0012","2018-12-16","38.2801","-85.0975","273.1","SHELBYVILLE 8.4 ENE, KY US","   74",",,N",,,,,,
"US1KYSH0012","2018-12-17","38.2801","-85.0975","273.1","SHELBYVILLE 8.4 ENE, KY US","    0",",,N","    0",",,N",,,,
"US1KYSH0012","2018-12-18","38.2801","-85.0975","273.1","SHELBYVILLE 8.4 ENE, KY US","    0",",,N","    0",",,N",,,,
"US1KYSH0012","2018-12-19","38.2801","-85.0975","273.1","SHELBYVILLE 8.4 ENE, KY US","    0",",,N","    0",",,N",,,,
"US1KYSH0012","2018-12-20","38.2801","-85.0975","273.1","SHELBYVILLE 8.4 ENE, KY US","    8",",,N",,,,,,
"US1KYSH0012","2018-12-21","38.2801","-85.0975","273.1","SHELBYVILLE 8.4 ENE, KY US","  185",",,N",,,,,,
"US1KYSH0012","2018-12-22","38.2801","-85.0975","273.1","SHELBYVILLE 8.4 ENE, KY US","    0",",,N","    0",",,N",,,,
"US1KYSH0012","2018-12-23","38.2801","-85.0975","273.1","SHELBYVILLE 8.4 ENE, KY US","    0",",,N","    0",",,N",,,,
"US1KYSH0012","2018-12-24","38.2801","-85.0975","273.1","SHELBYVILLE 8.4 ENE, KY US","    0","T,,N",,,,,,
"US1KYSH0012","2018-12-25","38.2801","-85.0975","273.1","SHELBYVILLE 8.4 ENE, KY US","    0",",,N","    0",",,N",,,,
"US1KYSH0012","2018-12-26","38.2801","-85.0975","273.1","SHELBYVILLE 8.4 ENE, KY US","    0",",,N","    0",",,N",,,,
"US1KYSH0012","2018-12-27","38.2801","-85.0975","273.1","SHELBYVILLE 8.4 ENE, KY US","    0",",,N","    0",",,N",,,,
"US1KYSH0012","2018-12-28","38.2801","-85.0975","273.1","SHELBYVILLE 8.4 ENE, KY US","  102",",,N",,,,,,
"US1KYSH0012","2018-12-29","38.2801","-85.0975","273.1","SHELBYVILLE 8.4 ENE, KY US","    8",",,N",,,,,,
"US1KYSH0012","2018-12-30","38.2801","-85.0975","273.1","SHELBYVILLE 8.4 ENE, KY US","    0",",,N","    0",",,N",,,,
"US1KYSH0012","2018-12-31","38.2801","-85.0975","273.1","SHELBYVILLE 8.4 ENE, KY US","  107",",,N",,,,,,
"US1KYSH0012","2019-01-01","38.2801","-85.0975","273.1","SHELBYVILLE 8.4 ENE, KY US","  175",",,N",,,,,,
"US1KYSH0012","2019-01-02","38.2801","-85.0975","273.1","SHELBYVILLE 8.4 ENE, KY US","    0",",,N","    0",",,N",,,,
"US1KYSH0012","2019-01-03","38.2801","-85.0975","273.1","SHELBYVILLE 8.4 ENE, KY US","    0",",,N","    0",",,N",,,,
"US1KYSH0012","2019-01-04","38.2801","-85.0975","273.1","SHELBYVILLE 8.4 ENE, KY US","    0",",,N","    0",",,N",,,,
"US1KYSH0012","2019-01-05","38.2801","-85.0975","273.1","SHELBYVILLE 8.4 ENE, KY US","  147",",,N",,,,,,
"US1KYSH0012","2019-01-06","38.2801","-85.0975","273.1","SHELBYVILLE 8.4 ENE, KY US","    0",",,N","    0",",,N",,,,
"US1KYSH0012","2019-01-07","38.2801","-85.0975","273.1","SHELBYVILLE 8.4 ENE, KY US","    0",",,N","    0",",,N",,,,
"US1KYSH0012","2019-01-08","38.2801","-85.0975","273.1","SHELBYVILLE 8.4 ENE, KY US","    0","T,,N",,,,,,
"US1KYSH0012","2019-01-09","38.2801","-85.0975","273.1","SHELBYVILLE 8.4 ENE, KY US","    0","T,,N",,,,,,
"US1KYSH0012","2019-01-10","38.2801","-85.0975","273.1","SHELBYVILLE 8.4 ENE, KY US","    0",",,N","    0",",,N",,,,
"US1KYSH0012","2019-01-11","38.2801","-85.0975","273.1","SHELBYVILLE 8.4 ENE, KY US","    0",",,N","    0",",,N",,,,
"US1KYSH0012","2019-01-12","38.2801","-85.0975","273.1","SHELBYVILLE 8.4 ENE, KY US","   43",",,N",,,,,,
"US1KYSH0012","2019-01-13","38.2801","-85.0975","273.1","SHELBYVILLE 8.4 ENE, KY US","   74",",,N",,,,,,
"US1KYSH0012","2019-01-14","38.2801","-85.0975","273.1","SHELBYVILLE 8.4 ENE, KY US","    0",",,N","    0",",,N",,,,
"US1KYSH0012","2019-01-19","38.2801","-85.0975","273.1","SHELBYVILLE 8.4 ENE, KY US",,,,,"    5",",,N","   84",",,N"
"US1KYSH0012","2019-01-20","38.2801","-85.0975","273.1","SHELBYVILLE 8.4 ENE, KY US","  216",",,N",,,,,,
"US1KYSH0012","2019-01-21","38.2801","-85.0975","273.1","SHELBYVILLE 8.4 ENE, KY US","    0",",,N","    0",",,N",,,,
"US1KYSH0012","2019-01-22","38.2801","-85.0975","273.1","SHELBYVILLE 8.4 ENE, KY US","    0",",,N","    0",",,N",,,,
"US1KYSH0012","2019-01-24","38.2801","-85.0975","273.1","SHELBYVILLE 8.4 ENE, KY US",,,,,"    2",",,N","  229",",,N"
"US1KYSH0012","2019-01-25","38.2801","-85.0975","273.1","SHELBYVILLE 8.4 ENE, KY US","    0",",,N","    0",",,N",,,,
"US1KYSH0012","2019-01-26","38.2801","-85.0975","273.1","SHELBYVILLE 8.4 ENE, KY US","    0",",,N","    0",",,N",,,,
"US1KYSH0012","2019-01-27","38.2801","-85.0975","273.1","SHELBYVILLE 8.4 ENE, KY US","    0","T,,N",,,,,,
"US1KYSH0012","2019-02-04","38.2801","-85.0975","273.1","SHELBYVILLE 8.4 ENE, KY US","    0",",,N","    0",",,N",,,,
"US1KYSH0012","2019-02-06","38.2801","-85.0975","273.1","SHELBYVILLE 8.4 ENE, KY US",,,,,"    2",",,N","   61",",,N"
"US1KYSH0012","2019-02-07","38.2801","-85.0975","273.1","SHELBYVILLE 8.4 ENE, KY US","   99",",,N",,,,,,
"US1KYSH0012","2019-02-08","38.2801","-85.0975","273.1","SHELBYVILLE 8.4 ENE, KY US","  277",",,N",,,,,,
"US1KYSH0012","2019-02-09","38.2801","-85.0975","273.1","SHELBYVILLE 8.4 ENE, KY US","    0","T,,N",,,,,,
"US1KYSH0012","2019-02-10","38.2801","-85.0975","273.1","SHELBYVILLE 8.4 ENE, KY US","    0","T,,N","    0",",,N",,,,
"US1KYSH0012","2019-02-12","38.2801","-85.0975","273.1","SHELBYVILLE 8.4 ENE, KY US","  523",",,N",,,,,,
"US1KYSH0012","2019-02-13","38.2801","-85.0975","273.1","SHELBYVILLE 8.4 ENE, KY US","  124",",,N",,,,,,
"US1KYSH0012","2019-02-14","38.2801","-85.0975","273.1","SHELBYVILLE 8.4 ENE, KY US","    0",",,N","    0",",,N",,,,
"US1KYSH0012","2019-02-15","38.2801","-85.0975","273.1","SHELBYVILLE 8.4 ENE, KY US","    0",",,N","    0",",,N",,,,
"US1KYSH0012","2019-02-16","38.2801","-85.0975","273.1","SHELBYVILLE 8.4 ENE, KY US","    0",",,N","    0",",,N",,,,
"US1KYSH0012","2019-02-17","38.2801","-85.0975","273.1","SHELBYVILLE 8.4 ENE, KY US","    0",",,N","    0",",,N",,,,
"US1KYSH0012","2019-02-18","38.2801","-85.0975","273.1","SHELBYVILLE 8.4 ENE, KY US","    0","T,,N",,,,,,
"US1KYSH0012","2019-02-19","38.2801","-85.0975","273.1","SHELBYVILLE 8.4 ENE, KY US","    0",",,N","    0",",,N",,,,
"US1KYSH0012","2019-02-24","38.2801","-85.0975","273.1","SHELBYVILLE 8.4 ENE, KY US",,,,,"    5",",,N","  663",",,N"
"US1KYSH0012","2019-02-25","38.2801","-85.0975","273.1","SHELBYVILLE 8.4 ENE, KY US","    0",",,N","    0",",,N",,,,
"US1KYSH0012","2019-02-26","38.2801","-85.0975","273.1","SHELBYVILLE 8.4 ENE, KY US","    0",",,N","    0",",,N",,,,
"US1KYSH0012","2019-02-27","38.2801","-85.0975","273.1","SHELBYVILLE 8.4 ENE, KY US","    0",",,N","    0",",,N",,,,
"US1KYSH0012","2019-02-28","38.2801","-85.0975","273.1","SHELBYVILLE 8.4 ENE, KY US","    0",",,N","    0",",,N",,,,
"US1KYSH0012","2019-03-04","38.2801","-85.0975","273.1","SHELBYVILLE 8.4 ENE, KY US","    0",",,N","    0",",,N",,,,
"US1KYSH0012","2019-03-05","38.2801","-85.0975","273.1","SHELBYVILLE 8.4 ENE, KY US","    0",",,N","    0",",,N",,,,
"US1KYSH0012","2019-03-06","38.2801","-85.0975","273.1","SHELBYVILLE 8.4 ENE, KY US","    0",",,N","    0",",,N",,,,
"US1KYSH0012","2019-03-12","38.2801","-85.0975","273.1","SHELBYVILLE 8.4 ENE, KY US","    0",",,N","    0",",,N",,,,
"US1KYSH0012","2019-03-14","38.2801","-85.0975","273.1","SHELBYVILLE 8.4 ENE, KY US","    3",",,N",,,,,,
"US1KYSH0012","2019-03-16","38.2801","-85.0975","273.1","SHELBYVILLE 8.4 ENE, KY US",,,,,"    2",",,N","  251",",,N"
"US1KYSH0012","2019-03-17","38.2801","-85.0975","273.1","SHELBYVILLE 8.4 ENE, KY US","    0",",,N","    0",",,N",,,,
"US1KYSH0012","2019-03-23","38.2801","-85.0975","273.1","SHELBYVILLE 8.4 ENE, KY US","    0",",,N","    0",",,N",,,,
"US1KYSH0012","2019-03-24","38.2801","-85.0975","273.1","SHELBYVILLE 8.4 ENE, KY US","    0",",,N","    0",",,N",,,,
"US1KYSH0012","2019-03-25","38.2801","-85.0975","273.1","SHELBYVILLE 8.4 ENE, KY US","  114",",,N",,,,,,
"US1KYSH0012","2019-03-26","38.2801","-85.0975","273.1","SHELBYVILLE 8.4 ENE, KY US","    0",",,N","    0",",,N",,,,
"US1KYSH0012","2019-03-27","38.2801","-85.0975","273.1","SHELBYVILLE 8.4 ENE, KY US","    0",",,N","    0",",,N",,,,
"US1KYSH0012","2019-03-28","38.2801","-85.0975","273.1","SHELBYVILLE 8.4 ENE, KY US","    0",",,N","    0",",,N",,,,
"US1KYSH0012","2019-03-29","38.2801","-85.0975","273.1","SHELBYVILLE 8.4 ENE, KY US","    0",",,N","    0",",,N",,,,
"US1KYSH0012","2019-03-30","38.2801","-85.0975","273.1","SHELBYVILLE 8.4 ENE, KY US","    0","T,,N",,,,,,
"US1KYSH0012","2019-03-31","38.2801","-85.0975","273.1","SHELBYVILLE 8.4 ENE, KY US","  226",",,N",,,,,,
"US1KYSH0012","2019-04-01","38.2801","-85.0975","273.1","SHELBYVILLE 8.4 ENE, KY US","    0",",,N","    0",",,N",,,,
"US1KYSH0012","2019-04-02","38.2801","-85.0975","273.1","SHELBYVILLE 8.4 ENE, KY US","    0",",,N","    0",",,N",,,,
"US1KYSH0012","2019-04-03","38.2801","-85.0975","273.1","SHELBYVILLE 8.4 ENE, KY US","    0",",,N","    0",",,N",,,,
"US1KYSH0012","2019-04-04","38.2801","-85.0975","273.1","SHELBYVILLE 8.4 ENE, KY US","    0",",,N","    0",",,N",,,,
"US1KYSH0012","2019-04-05","38.2801","-85.0975","273.1","SHELBYVILLE 8.4 ENE, KY US","   71",",,N",,,,,,
"US1KYSH0012","2019-04-06","38.2801","-85.0975","273.1","SHELBYVILLE 8.4 ENE, KY US","   15",",,N",,,,,,
"US1KYSH0012","2019-04-07","38.2801","-85.0975","273.1","SHELBYVILLE 8.4 ENE, KY US","   41",",,N",,,,,,
"US1KYSH0012","2019-04-08","38.2801","-85.0975","273.1","SHELBYVILLE 8.4 ENE, KY US","  114",",,N",,,,,,
"US1KYSH0012","2019-04-09","38.2801","-85.0975","273.1","SHELBYVILLE 8.4 ENE, KY US","    8",",,N",,,,,,
"US1KYSH0012","2019-04-10","38.2801","-85.0975","273.1","SHELBYVILLE 8.4 ENE, KY US","    0",",,N","    0",",,N",,,,
"US1KYSH0012","2019-04-11","38.2801","-85.0975","273.1","SHELBYVILLE 8.4 ENE, KY US","    0",",,N","    0",",,N",,,,
"US1KYSH0012","2019-04-12","38.2801","-85.0975","273.1","SHELBYVILLE 8.4 ENE, KY US","    0","T,,N",,,,,,
"US1KYSH0012","2019-04-13","38.2801","-85.0975","273.1","SHELBYVILLE 8.4 ENE, KY US","    5",",,N",,,,,,
"US1KYSH0012","2019-04-14","38.2801","-85.0975","273.1","SHELBYVILLE 8.4 ENE, KY US","  262",",,N",,,,,,
"US1KYSH0012","2019-04-15","38.2801","-85.0975","273.1","SHELBYVILLE 8.4 ENE, KY US","   13",",,N",,,,,,
"US1KYSH0012","2019-04-16","38.2801","-85.0975","273.1","SHELBYVILLE 8.4 ENE, KY US","    0",",,N","    0",",,N",,,,
"US1KYSH0012","2019-04-17","38.2801","-85.0975","273.1","SHELBYVILLE 8.4 ENE, KY US","    0",",,N","    0",",,N",,,,
"US1KYSH0012","2019-04-18","38.2801","-85.0975","273.1","SHELBYVILLE 8.4 ENE, KY US","    0",",,N","    0",",,N",,,,
"US1KYSH0012","2019-04-19","38.2801","-85.0975","273.1","SHELBYVILLE 8.4 ENE, KY US","  140",",,N",,,,,,
"US1KYSH0012","2019-04-21","38.2801","-85.0975","273.1","SHELBYVILLE 8.4 ENE, KY US",,,,,"    2",",,N","  394",",,N"
"US1KYSH0012","2019-04-22","38.2801","-85.0975","273.1","SHELBYVILLE 8.4 ENE, KY US","    0",",,N","    0",",,N",,,,
"US1KYSH0012","2019-04-23","38.2801","-85.0975","273.1","SHELBYVILLE 8.4 ENE, KY US","    0",",,N","    0",",,N",,,,
"US1KYSH0012","2019-04-24","38.2801","-85.0975","273.1","SHELBYVILLE 8.4 ENE, KY US","   51",",,N",,,,,,
"US1KYSH0012","2019-04-25","38.2801","-85.0975","273.1","SHELBYVILLE 8.4 ENE, KY US","  114",",,N",,,,,,
"US1KYSH0012","2019-04-26","38.2801","-85.0975","273.1","SHELBYVILLE 8.4 ENE, KY US","  229",",,N",,,,,,
"US1KYSH0012","2019-04-27","38.2801","-85.0975","273.1","SHELBYVILLE 8.4 ENE, KY US","    0","T,,N",,,,,,
"US1KYSH0012","2019-04-28","38.2801","-85.0975","273.1","SHELBYVILLE 8.4 ENE, KY US","   43",",,N",,,,,,
"US1KYSH0012","2019-04-29","38.2801","-85.0975","273.1","SHELBYVILLE 8.4 ENE, KY US","    0",",,N","    0",",,N",,,,
"US1KYSH0012","2019-04-30","38.2801","-85.0975","273.1","SHELBYVILLE 8.4 ENE, KY US","    0",",,N","    0",",,N",,,,
"US1KYSH0012","2019-05-01","38.2801","-85.0975","273.1","SHELBYVILLE 8.4 ENE, KY US","    0",",,N","    0",",,N",,,,
"US1KYSH0012","2019-05-02","38.2801","-85.0975","273.1","SHELBYVILLE 8.4 ENE, KY US","   18",",,N",,,,,,
"US1KYSH0012","2019-05-03","38.2801","-85.0975","273.1","SHELBYVILLE 8.4 ENE, KY US","  152",",,N",,,,,,
"US1KYSH0012","2019-05-04","38.2801","-85.0975","273.1","SHELBYVILLE 8.4 ENE, KY US","  109",",,N",,,,,,
"US1KYSH0012","2019-05-05","38.2801","-85.0975","273.1","SHELBYVILLE 8.4 ENE, KY US","  216",",,N",,,,,,
"US1KYSH0012","2019-05-06","38.2801","-85.0975","273.1","SHELBYVILLE 8.4 ENE, KY US","    0",",,N","    0",",,N",,,,
"US1KYSH0012","2019-05-07","38.2801","-85.0975","273.1","SHELBYVILLE 8.4 ENE, KY US","    0",",,N","    0",",,N",,,,
"US1KYSH0012","2019-05-08","38.2801","-85.0975","273.1","SHELBYVILLE 8.4 ENE, KY US","    0",",,N","    0",",,N",,,,
"US1KYSH0012","2019-05-09","38.2801","-85.0975","273.1","SHELBYVILLE 8.4 ENE, KY US","    0",",,N","    0",",,N",,,,
"US1KYSH0012","2019-05-10","38.2801","-85.0975","273.1","SHELBYVILLE 8.4 ENE, KY US","  119",",,N",,,,,,
"US1KYSH0012","2019-05-11","38.2801","-85.0975","273.1","SHELBYVILLE 8.4 ENE, KY US","    3",",,N",,,,,,
"US1KYSH0012","2019-05-12","38.2801","-85.0975","273.1","SHELBYVILLE 8.4 ENE, KY US","   30",",,N",,,,,,
"US1KYSH0012","2019-05-13","38.2801","-85.0975","273.1","SHELBYVILLE 8.4 ENE, KY US","    5",",,N",,,,,,
"US1KYSH0012","2019-05-14","38.2801","-85.0975","273.1","SHELBYVILLE 8.4 ENE, KY US","    0",",,N","    0",",,N",,,,
"US1KYSH0012","2019-05-15","38.2801","-85.0975","273.1","SHELBYVILLE 8.4 ENE, KY US","    0",",,N","    0",",,N",,,,
"US1KYSH0012","2019-05-16","38.2801","-85.0975","273.1","SHELBYVILLE 8.4 ENE, KY US","    0",",,N","    0",",,N",,,,
"US1KYSH0012","2019-05-17","38.2801","-85.0975","273.1","SHELBYVILLE 8.4 ENE, KY US","  104",",,N",,,,,,
"US1KYSH0012","2019-05-18","38.2801","-85.0975","273.1","SHELBYVILLE 8.4 ENE, KY US","    0",",,N","    0",",,N",,,,
"US1KYSH0012","2019-05-19","38.2801","-85.0975","273.1","SHELBYVILLE 8.4 ENE, KY US","    0",",,N","    0",",,N",,,,
"US1KYSH0012","2019-05-20","38.2801","-85.0975","273.1","SHELBYVILLE 8.4 ENE, KY US","   69",",,N",,,,,,
"US1KYSH0012","2019-05-21","38.2801","-85.0975","273.1","SHELBYVILLE 8.4 ENE, KY US","    0",",,N","    0",",,N",,,,
"US1KYSH0012","2019-05-22","38.2801","-85.0975","273.1","SHELBYVILLE 8.4 ENE, KY US","    0",",,N","    0",",,N",,,,
"US1KYSH0012","2019-05-23","38.2801","-85.0975","273.1","SHELBYVILLE 8.4 ENE, KY US","    0",",,N","    0",",,N",,,,
"US1KYSH0012","2019-05-24","38.2801","-85.0975","273.1","SHELBYVILLE 8.4 ENE, KY US","  178",",,N",,,,,,
"US1KYSH0012","2019-05-25","38.2801","-85.0975","273.1","SHELBYVILLE 8.4 ENE, KY US","    0",",,N","    0",",,N",,,,
"US1KYSH0012","2019-05-26","38.2801","-85.0975","273.1","SHELBYVILLE 8.4 ENE, KY US","    0",",,N","    0",",,N",,,,
"US1KYSH0012","2019-05-27","38.2801","-85.0975","273.1","SHELBYVILLE 8.4 ENE, KY US","  218",",,N",,,,,,
"US1KYSH0012","2019-05-28","38.2801","-85.0975","273.1","SHELBYVILLE 8.4 ENE, KY US","    0",",,N","    0",",,N",,,,
"US1KYSH0012","2019-05-29","38.2801","-85.0975","273.1","SHELBYVILLE 8.4 ENE, KY US","    0",",,N","    0",",,N",,,,
"US1KYSH0012","2019-05-30","38.2801","-85.0975","273.1","SHELBYVILLE 8.4 ENE, KY US","  277",",,N",,,,,,
"US1KYSH0012","2019-05-31","38.2801","-85.0975","273.1","SHELBYVILLE 8.4 ENE, KY US","   84",",,N","    0",",,N",,,,
"US1KYSH0012","2019-06-01","38.2801","-85.0975","273.1","SHELBYVILLE 8.4 ENE, KY US","   25",",,N",,,,,,
"US1KYSH0012","2019-06-02","38.2801","-85.0975","273.1","SHELBYVILLE 8.4 ENE, KY US","    0",",,N","    0",",,N",,,,
"US1KYSH0012","2019-06-03","38.2801","-85.0975","273.1","SHELBYVILLE 8.4 ENE, KY US","    0",",,N","    0",",,N",,,,
"US1KYSH0012","2019-06-04","38.2801","-85.0975","273.1","SHELBYVILLE 8.4 ENE, KY US","    0",",,N","    0",",,N",,,,
"US1KYSH0012","2019-06-05","38.2801","-85.0975","273.1","SHELBYVILLE 8.4 ENE, KY US","   15",",,N",,,,,,
"US1KYSH0012","2019-06-06","38.2801","-85.0975","273.1","SHELBYVILLE 8.4 ENE, KY US","  127",",,N",,,,,,
"US1KYSH0012","2019-06-07","38.2801","-85.0975","273.1","SHELBYVILLE 8.4 ENE, KY US","  147",",,N",,,,,,
"US1KYSH0012","2019-06-08","38.2801","-85.0975","273.1","SHELBYVILLE 8.4 ENE, KY US","  150",",,N",,,,,,
"US1KYSH0012","2019-06-09","38.2801","-85.0975","273.1","SHELBYVILLE 8.4 ENE, KY US","   51",",,N",,,,,,
"US1KYSH0012","2019-06-10","38.2801","-85.0975","273.1","SHELBYVILLE 8.4 ENE, KY US","  203",",,N",,,,,,
"US1KYSH0012","2019-06-11","38.2801","-85.0975","273.1","SHELBYVILLE 8.4 ENE, KY US","    8",",,N",,,,,,
"US1KYSH0012","2019-06-12","38.2801","-85.0975","273.1","SHELBYVILLE 8.4 ENE, KY US","    0",",,N","    0",",,N",,,,
"US1KYSH0012","2019-06-13","38.2801","-85.0975","273.1","SHELBYVILLE 8.4 ENE, KY US","    0","T,,N",,,,,,
"US1KYSH0012","2019-06-14","38.2801","-85.0975","273.1","SHELBYVILLE 8.4 ENE, KY US","    0",",,N","    0",",,N",,,,
"US1KYSH0012","2019-06-15","38.2801","-85.0975","273.1","SHELBYVILLE 8.4 ENE, KY US","    0",",,N","    0",",,N",,,,
"US1KYSH0012","2019-06-16","38.2801","-85.0975","273.1","SHELBYVILLE 8.4 ENE, KY US","   79",",,N",,,,,,
"US1KYSH0012","2019-06-21","38.2801","-85.0975","273.1","SHELBYVILLE 8.4 ENE, KY US",,,,,"    5",",,N"," 1156",",,N"
"US1KYSH0012","2019-06-23","38.2801","-85.0975","273.1","SHELBYVILLE 8.4 ENE, KY US",,,,,"    2",",,N","   94",",,N"
"US1KYSH0012","2019-06-24","38.2801","-85.0975","273.1","SHELBYVILLE 8.4 ENE, KY US","   61",",,N",,,,,,
"US1KYSH0012","2019-06-25","38.2801","-85.0975","273.1","SHELBYVILLE 8.4 ENE, KY US","  117",",,N",,,,,,
"US1KYSH0012","2019-06-26","38.2801","-85.0975","273.1","SHELBYVILLE 8.4 ENE, KY US","    0",",,N","    0",",,N",,,,
"US1KYSH0012","2019-06-27","38.2801","-85.0975","273.1","SHELBYVILLE 8.4 ENE, KY US","    0",",,N","    0",",,N",,,,
"US1KYSH0012","2019-06-28","38.2801","-85.0975","273.1","SHELBYVILLE 8.4 ENE, KY US","    0",",,N","    0",",,N",,,,
"US1KYSH0012","2019-06-29","38.2801","-85.0975","273.1","SHELBYVILLE 8.4 ENE, KY US","    0",",,N","    0",",,N",,,,
"US1KYSH0012","2019-06-30","38.2801","-85.0975","273.1","SHELBYVILLE 8.4 ENE, KY US","    0",",,N","    0",",,N",,,,
"US1KYSH0012","2019-07-01","38.2801","-85.0975","273.1","SHELBYVILLE 8.4 ENE, KY US","    8",",,N",,,,,,
"US1KYSH0012","2019-07-02","38.2801","-85.0975","273.1","SHELBYVILLE 8.4 ENE, KY US","    0",",,N","    0",",,N",,,,
"US1KYSH0012","2019-07-03","38.2801","-85.0975","273.1","SHELBYVILLE 8.4 ENE, KY US","    8",",,N",,,,,,
"US1KYSH0012","2019-07-04","38.2801","-85.0975","273.1","SHELBYVILLE 8.4 ENE, KY US","   94",",,N",,,,,,
"US1KYSH0012","2019-07-05","38.2801","-85.0975","273.1","SHELBYVILLE 8.4 ENE, KY US","    0",",,N","    0",",,N",,,,
"US1KYSH0012","2019-07-06","38.2801","-85.0975","273.1","SHELBYVILLE 8.4 ENE, KY US","    0",",,N","    0",",,N",,,,
"US1KYSH0012","2019-07-07","38.2801","-85.0975","273.1","SHELBYVILLE 8.4 ENE, KY US","    0",",,N","    0",",,N",,,,
"US1KYSH0012","2019-07-08","38.2801","-85.0975","273.1","SHELBYVILLE 8.4 ENE, KY US","    0",",,N","    0",",,N",,,,
"US1KYSH0012","2019-07-09","38.2801","-85.0975","273.1","SHELBYVILLE 8.4 ENE, KY US","    0",",,N","    0",",,N",,,,
"US1KYSH0012","2019-07-10","38.2801","-85.0975","273.1","SHELBYVILLE 8.4 ENE, KY US","    0",",,N","    0",",,N",,,,
"US1KYSH0012","2019-07-11","38.2801","-85.0975","273.1","SHELBYVILLE 8.4 ENE, KY US","    0",",,N","    0",",,N",,,,
"US1KYSH0012","2019-07-12","38.2801","-85.0975","273.1","SHELBYVILLE 8.4 ENE, KY US","    0",",,N","    0",",,N",,,,
"US1KYSH0012","2019-07-13","38.2801","-85.0975","273.1","SHELBYVILLE 8.4 ENE, KY US","    0",",,N","    0",",,N",,,,
"US1KYSH0012","2019-07-14","38.2801","-85.0975","273.1","SHELBYVILLE 8.4 ENE, KY US","    0",",,N","    0",",,N",,,,
"US1KYSH0012","2019-07-15","38.2801","-85.0975","273.1","SHELBYVILLE 8.4 ENE, KY US","    0",",,N","    0",",,N",,,,
"US1KYSH0012","2019-07-16","38.2801","-85.0975","273.1","SHELBYVILLE 8.4 ENE, KY US","    0",",,N","    0",",,N",,,,
"US1KYSH0012","2019-07-17","38.2801","-85.0975","273.1","SHELBYVILLE 8.4 ENE, KY US","    0",",,N","    0",",,N",,,,
"US1KYSH0012","2019-07-18","38.2801","-85.0975","273.1","SHELBYVILLE 8.4 ENE, KY US","   51",",,N",,,,,,
"US1KYSH0012","2019-07-19","38.2801","-85.0975","273.1","SHELBYVILLE 8.4 ENE, KY US","    0",",,N","    0",",,N",,,,
"US1KYSH0012","2019-07-20","38.2801","-85.0975","273.1","SHELBYVILLE 8.4 ENE, KY US","    0",",,N","    0",",,N",,,,
"US1KYSH0012","2019-07-21","38.2801","-85.0975","273.1","SHELBYVILLE 8.4 ENE, KY US","    0",",,N","    0",",,N",,,,
"US1KYSH0012","2019-07-22","38.2801","-85.0975","273.1","SHELBYVILLE 8.4 ENE, KY US","   36",",,N",,,,,,
"US1KYSH0012","2019-07-23","38.2801","-85.0975","273.1","SHELBYVILLE 8.4 ENE, KY US","   33",",,N",,,,,,
"US1KYSH0012","2019-07-24","38.2801","-85.0975","273.1","SHELBYVILLE 8.4 ENE, KY US","    0",",,N","    0",",,N",,,,
"US1KYSH0012","2019-07-25","38.2801","-85.0975","273.1","SHELBYVILLE 8.4 ENE, KY US","    0",",,N","    0",",,N",,,,
"US1KYSH0012","2019-07-26","38.2801","-85.0975","273.1","SHELBYVILLE 8.4 ENE, KY US","    0",",,N","    0",",,N",,,,
"US1KYSH0012","2019-07-27","38.2801","-85.0975","273.1","SHELBYVILLE 8.4 ENE, KY US","    0",",,N","    0",",,N",,,,
"US1KYSH0012","2019-07-28","38.2801","-85.0975","273.1","SHELBYVILLE 8.4 ENE, KY US","    0",",,N","    0",",,N",,,,
"US1KYSH0012","2019-07-29","38.2801","-85.0975","273.1","SHELBYVILLE 8.4 ENE, KY US","    0",",,N","    0",",,N",,,,
"US1KYSH0012","2019-07-30","38.2801","-85.0975","273.1","SHELBYVILLE 8.4 ENE, KY US","   97",",,N",,,,,,
"US1KYSH0012","2019-07-31","38.2801","-85.0975","273.1","SHELBYVILLE 8.4 ENE, KY US","   74",",,N",,,,,,
"US1KYSH0012","2019-08-01","38.2801","-85.0975","273.1","SHELBYVILLE 8.4 ENE, KY US","    3",",,N",,,,,,
"US1KYSH0012","2019-08-02","38.2801","-85.0975","273.1","SHELBYVILLE 8.4 ENE, KY US","    0",",,N","    0",",,N",,,,
"US1KYSH0012","2019-08-03","38.2801","-85.0975","273.1","SHELBYVILLE 8.4 ENE, KY US","    0",",,N","    0",",,N",,,,
"US1KYSH0012","2019-08-04","38.2801","-85.0975","273.1","SHELBYVILLE 8.4 ENE, KY US","    0",",,N","    0",",,N",,,,
"US1KYSH0012","2019-08-05","38.2801","-85.0975","273.1","SHELBYVILLE 8.4 ENE, KY US","    0",",,N","    0",",,N",,,,
"US1KYSH0012","2019-08-06","38.2801","-85.0975","273.1","SHELBYVILLE 8.4 ENE, KY US","    0",",,N","    0",",,N",,,,
"US1KYSH0012","2019-08-07","38.2801","-85.0975","273.1","SHELBYVILLE 8.4 ENE, KY US","  152",",,N",,,,,,
"US1KYSH0012","2019-08-08","38.2801","-85.0975","273.1","SHELBYVILLE 8.4 ENE, KY US","    0",",,N","    0",",,N",,,,
"US1KYSH0012","2019-08-09","38.2801","-85.0975","273.1","SHELBYVILLE 8.4 ENE, KY US","    0",",,N","    0",",,N",,,,
"US1KYSH0012","2019-08-10","38.2801","-85.0975","273.1","SHELBYVILLE 8.4 ENE, KY US","    0",",,N","    0",",,N",,,,
"US1KYSH0012","2019-08-11","38.2801","-85.0975","273.1","SHELBYVILLE 8.4 ENE, KY US","    0",",,N","    0",",,N",,,,
"US1KYSH0012","2019-08-12","38.2801","-85.0975","273.1","SHELBYVILLE 8.4 ENE, KY US","    0",",,N","    0",",,N",,,,
"US1KYSH0012","2019-08-13","38.2801","-85.0975","273.1","SHELBYVILLE 8.4 ENE, KY US","    5",",,N",,,,,,
"US1KYSH0012","2019-08-14","38.2801","-85.0975","273.1","SHELBYVILLE 8.4 ENE, KY US","   89",",,N",,,,,,
"US1KYSH0012","2019-08-15","38.2801","-85.0975","273.1","SHELBYVILLE 8.4 ENE, KY US","    0",",,N","    0",",,N",,,,
"US1KYSH0012","2019-08-16","38.2801","-85.0975","273.1","SHELBYVILLE 8.4 ENE, KY US","    0",",,N","    0",",,N",,,,
"US1KYSH0012","2019-08-17","38.2801","-85.0975","273.1","SHELBYVILLE 8.4 ENE, KY US","    0",",,N","    0",",,N",,,,
"US1KYSH0012","2019-08-18","38.2801","-85.0975","273.1","SHELBYVILLE 8.4 ENE, KY US","    0",",,N","    0",",,N",,,,
"US1KYSH0012","2019-08-19","38.2801","-85.0975","273.1","SHELBYVILLE 8.4 ENE, KY US","    0",",,N","    0",",,N",,,,
"US1KYSH0012","2019-08-20","38.2801","-85.0975","273.1","SHELBYVILLE 8.4 ENE, KY US","    0",",,N","    0",",,N",,,,
"US1KYSH0012","2019-08-21","38.2801","-85.0975","273.1","SHELBYVILLE 8.4 ENE, KY US","  137",",,N",,,,,,
"US1KYSH0012","2019-08-22","38.2801","-85.0975","273.1","SHELBYVILLE 8.4 ENE, KY US","  206",",,N",,,,,,
"US1KYSH0012","2019-08-23","38.2801","-85.0975","273.1","SHELBYVILLE 8.4 ENE, KY US","    3",",,N",,,,,,
"US1KYSH0012","2019-08-24","38.2801","-85.0975","273.1","SHELBYVILLE 8.4 ENE, KY US","   20",",,N",,,,,,
"US1KYSH0012","2019-08-26","38.2801","-85.0975","273.1","SHELBYVILLE 8.4 ENE, KY US","   48",",,N",,,,,,
"US1KYSH0012","2019-08-27","38.2801","-85.0975","273.1","SHELBYVILLE 8.4 ENE, KY US","  180",",,N",,,,,,
"US1KYSH0012","2019-08-28","38.2801","-85.0975","273.1","SHELBYVILLE 8.4 ENE, KY US","   18",",,N",,,,,,
"US1KYSH0012","2019-08-29","38.2801","-85.0975","273.1","SHELBYVILLE 8.4 ENE, KY US","    0",",,N","    0",",,N",,,,
"US1KYSH0012","2019-08-30","38.2801","-85.0975","273.1","SHELBYVILLE 8.4 ENE, KY US","    0",",,N","    0",",,N",,,,
"US1KYSH0012","2019-08-31","38.2801","-85.0975","273.1","SHELBYVILLE 8.4 ENE, KY US","    0",",,N","    0",",,N",,,,
"US1KYSH0012","2019-09-01","38.2801","-85.0975","273.1","SHELBYVILLE 8.4 ENE, KY US","    0",",,N","    0",",,N",,,,
"US1KYSH0012","2019-09-02","38.2801","-85.0975","273.1","SHELBYVILLE 8.4 ENE, KY US","    0",",,N","    0",",,N",,,,
"US1KYSH0012","2019-09-03","38.2801","-85.0975","273.1","SHELBYVILLE 8.4 ENE, KY US","    0",",,N","    0",",,N",,,,
"US1KYSH0012","2019-09-04","38.2801","-85.0975","273.1","SHELBYVILLE 8.4 ENE, KY US","    0",",,N","    0",",,N",,,,
"US1KYSH0012","2019-09-05","38.2801","-85.0975","273.1","SHELBYVILLE 8.4 ENE, KY US","    0",",,N","    0",",,N",,,,
"US1KYSH0012","2019-09-06","38.2801","-85.0975","273.1","SHELBYVILLE 8.4 ENE, KY US","    0",",,N","    0",",,N",,,,
"US1KYSH0012","2019-09-07","38.2801","-85.0975","273.1","SHELBYVILLE 8.4 ENE, KY US","    0",",,N","    0",",,N",,,,
"US1KYSH0012","2019-09-08","38.2801","-85.0975","273.1","SHELBYVILLE 8.4 ENE, KY US","    0",",,N","    0",",,N",,,,
"US1KYSH0012","2019-09-09","38.2801","-85.0975","273.1","SHELBYVILLE 8.4 ENE, KY US","    0",",,N","    0",",,N",,,,
"US1KYSH0012","2019-09-10","38.2801","-85.0975","273.1","SHELBYVILLE 8.4 ENE, KY US","    0",",,N","    0",",,N",,,,
"US1KYSH0012","2019-09-11","38.2801","-85.0975","273.1","SHELBYVILLE 8.4 ENE, KY US","    0",",,N","    0",",,N",,,,
"US1KYSH0012","2019-09-12","38.2801","-85.0975","273.1","SHELBYVILLE 8.4 ENE, KY US","    0",",,N","    0",",,N",,,,
"US1KYSH0012","2019-09-13","38.2801","-85.0975","273.1","SHELBYVILLE 8.4 ENE, KY US","    0",",,N","    0",",,N",,,,
"US1KYSH0012","2019-09-14","38.2801","-85.0975","273.1","SHELBYVILLE 8.4 ENE, KY US","    0",",,N","    0",",,N",,,,
"US1KYSH0012","2019-09-15","38.2801","-85.0975","273.1","SHELBYVILLE 8.4 ENE, KY US","    0",",,N","    0",",,N",,,,
"US1KYSH0012","2019-09-16","38.2801","-85.0975","273.1","SHELBYVILLE 8.4 ENE, KY US","    0",",,N","    0",",,N",,,,
"US1KYSH0012","2019-09-17","38.2801","-85.0975","273.1","SHELBYVILLE 8.4 ENE, KY US","    0",",,N","    0",",,N",,,,
"US1KYSH0012","2019-09-18","38.2801","-85.0975","273.1","SHELBYVILLE 8.4 ENE, KY US","    0",",,N","    0",",,N",,,,
"US1KYSH0012","2019-09-19","38.2801","-85.0975","273.1","SHELBYVILLE 8.4 ENE, KY US","    0",",,N","    0",",,N",,,,
"US1KYSH0012","2019-09-20","38.2801","-85.0975","273.1","SHELBYVILLE 8.4 ENE, KY US","    0",",,N","    0",",,N",,,,
"US1KYSH0012","2019-09-21","38.2801","-85.0975","273.1","SHELBYVILLE 8.4 ENE, KY US","    5",",,N",,,,,,
"US1KYSH0012","2019-09-22","38.2801","-85.0975","273.1","SHELBYVILLE 8.4 ENE, KY US","    0",",,N","    0",",,N",,,,
"US1KYSH0012","2019-09-23","38.2801","-85.0975","273.1","SHELBYVILLE 8.4 ENE, KY US","    8",",,N",,,,,,
"US1KYSH0012","2019-09-24","38.2801","-85.0975","273.1","SHELBYVILLE 8.4 ENE, KY US","    3",",,N",,,,,,
"US1KYSH0012","2019-09-25","38.2801","-85.0975","273.1","SHELBYVILLE 8.4 ENE, KY US","    0",",,N","    0",",,N",,,,
"US1KYSH0012","2019-09-26","38.2801","-85.0975","273.1","SHELBYVILLE 8.4 ENE, KY US","    0",",,N","    0",",,N",,,,
"US1KYSH0012","2019-09-27","38.2801","-85.0975","273.1","SHELBYVILLE 8.4 ENE, KY US","    0",",,N","    0",",,N",,,,
"US1KYSH0012","2019-09-28","38.2801","-85.0975","273.1","SHELBYVILLE 8.4 ENE, KY US","    0",",,N","    0",",,N",,,,
"US1KYSH0012","2019-09-29","38.2801","-85.0975","273.1","SHELBYVILLE 8.4 ENE, KY US","    0",",,N","    0",",,N",,,,
"US1KYSH0012","2019-09-30","38.2801","-85.0975","273.1","SHELBYVILLE 8.4 ENE, KY US","    0",",,N","    0",",,N",,,,
"US1KYSH0012","2019-10-01","38.2801","-85.0975","273.1","SHELBYVILLE 8.4 ENE, KY US","    0",",,N","    0",",,N",,,,
"US1KYSH0012","2019-10-02","38.2801","-85.0975","273.1","SHELBYVILLE 8.4 ENE, KY US","    0",",,N","    0",",,N",,,,
"US1KYSH0012","2019-10-03","38.2801","-85.0975","273.1","SHELBYVILLE 8.4 ENE, KY US","    0",",,N","    0",",,N",,,,
"US1KYSH0012","2019-10-04","38.2801","-85.0975","273.1","SHELBYVILLE 8.4 ENE, KY US","    0",",,N","    0",",,N",,,,
"US1KYSH0012","2019-10-05","38.2801","-85.0975","273.1","SHELBYVILLE 8.4 ENE, KY US","    0",",,N","    0",",,N",,,,
"US1KYSH0012","2019-10-06","38.2801","-85.0975","273.1","SHELBYVILLE 8.4 ENE, KY US","   41",",,N",,,,,,
"US1KYSH0012","2019-10-07","38.2801","-85.0975","273.1","SHELBYVILLE 8.4 ENE, KY US","  526",",,N",,,,,,
"US1KYSH0012","2019-10-08","38.2801","-85.0975","273.1","SHELBYVILLE 8.4 ENE, KY US","   23",",,N",,,,,,
"US1KYSH0012","2019-10-09","38.2801","-85.0975","273.1","SHELBYVILLE 8.4 ENE, KY US","    0",",,N","    0",",,N",,,,
"US1KYSH0012","2019-10-10","38.2801","-85.0975","273.1","SHELBYVILLE 8.4 ENE, KY US","    0",",,N","    0",",,N",,,,
"US1KYSH0012","2019-10-11","38.2801","-85.0975","273.1","SHELBYVILLE 8.4 ENE, KY US","    0",",,N","    0",",,N",,,,
"US1KYSH0012","2019-10-12","38.2801","-85.0975","273.1","SHELBYVILLE 8.4 ENE, KY US","   43",",,N",,,,,,
"US1KYSH0012","2019-10-13","38.2801","-85.0975","273.1","SHELBYVILLE 8.4 ENE, KY US","    0",",,N","    0",",,N",,,,
"US1KYSH0012","2019-10-14","38.2801","-85.0975","273.1","SHELBYVILLE 8.4 ENE, KY US","    0",",,N","    0",",,N",,,,
"US1KYSH0012","2019-10-15","38.2801","-85.0975","273.1","SHELBYVILLE 8.4 ENE, KY US","    0",",,N","    0",",,N",,,,
"US1KYSH0012","2019-10-16","38.2801","-85.0975","273.1","SHELBYVILLE 8.4 ENE, KY US","  183",",,N",,,,,,
"US1KYSH0012","2019-10-17","38.2801","-85.0975","273.1","SHELBYVILLE 8.4 ENE, KY US","    8",",,N",,,,,,
"US1KYSH0012","2019-10-18","38.2801","-85.0975","273.1","SHELBYVILLE 8.4 ENE, KY US","    0",",,N","    0",",,N",,,,
"US1KYSH0012","2019-10-19","38.2801","-85.0975","273.1","SHELBYVILLE 8.4 ENE, KY US","    0",",,N","    0",",,N",,,,
"US1KYSH0012","2019-10-20","38.2801","-85.0975","273.1","SHELBYVILLE 8.4 ENE, KY US","    3",",,N",,,,,,
"US1KYSH0012","2019-10-21","38.2801","-85.0975","273.1","SHELBYVILLE 8.4 ENE, KY US","    0",",,N","    0",",,N",,,,
"US1KYSH0012","2019-10-24","38.2801","-85.0975","273.1","SHELBYVILLE 8.4 ENE, KY US",,,,,"    3",",,N","   13",",,N"
"US1KYSH0012","2019-10-25","38.2801","-85.0975","273.1","SHELBYVILLE 8.4 ENE, KY US","    0",",,N","    0",",,N",,,,
"US1KYSH0012","2019-10-26","38.2801","-85.0975","273.1","SHELBYVILLE 8.4 ENE, KY US","  124",",,N",,,,,,
"US1KYSH0012","2019-10-27","38.2801","-85.0975","273.1","SHELBYVILLE 8.4 ENE, KY US","  114",",,N",,,,,,
"US1KYSH0012","2019-10-28","38.2801","-85.0975","273.1","SHELBYVILLE 8.4 ENE, KY US","    0",",,N","    0",",,N",,,,
"US1KYSH0012","2019-10-29","38.2801","-85.0975","273.1","SHELBYVILLE 8.4 ENE, KY US","    0",",,N","    0",",,N",,,,
"US1KYSH0012","2019-10-30","38.2801","-85.0975","273.1","SHELBYVILLE 8.4 ENE, KY US","    0",",,N","    0",",,N",,,,
"US1KYSH0012","2019-10-31","38.2801","-85.0975","273.1","SHELBYVILLE 8.4 ENE, KY US","  389",",,N",,,,,,
"US1KYSH0012","2019-11-01","38.2801","-85.0975","273.1","SHELBYVILLE 8.4 ENE, KY US","  211",",,N",,,,,,
"US1KYSH0012","2019-11-02","38.2801","-85.0975","273.1","SHELBYVILLE 8.4 ENE, KY US","    0",",,N","    0",",,N",,,,
"US1KYSH0012","2019-11-03","38.2801","-85.0975","273.1","SHELBYVILLE 8.4 ENE, KY US","    0",",,N","    0",",,N",,,,
"US1KYSH0012","2019-11-04","38.2801","-85.0975","273.1","SHELBYVILLE 8.4 ENE, KY US","    0",",,N","    0",",,N",,,,
"US1KYSH0012","2019-11-05","38.2801","-85.0975","273.1","SHELBYVILLE 8.4 ENE, KY US","    0",",,N","    0",",,N",,,,
"US1KYSH0012","2019-11-06","38.2801","-85.0975","273.1","SHELBYVILLE 8.4 ENE, KY US","    0",",,N","    0",",,N",,,,
"US1KYSH0012","2019-11-07","38.2801","-85.0975","273.1","SHELBYVILLE 8.4 ENE, KY US","   36",",,N",,,,,,
"US1KYSH0012","2019-11-08","38.2801","-85.0975","273.1","SHELBYVILLE 8.4 ENE, KY US","  137",",,N",,,,,,
"US1KYSH0012","2019-11-09","38.2801","-85.0975","273.1","SHELBYVILLE 8.4 ENE, KY US","    0",",,N","    0",",,N",,,,
"US1KYSH0012","2019-11-10","38.2801","-85.0975","273.1","SHELBYVILLE 8.4 ENE, KY US","    0",",,N","    0",",,N",,,,
"US1KYSH0012","2019-11-11","38.2801","-85.0975","273.1","SHELBYVILLE 8.4 ENE, KY US","    0",",,N","    0",",,N",,,,
"US1KYSH0012","2019-11-12","38.2801","-85.0975","273.1","SHELBYVILLE 8.4 ENE, KY US","   38",",,N",,,,,,
"US1KYSH0012","2019-11-13","38.2801","-85.0975","273.1","SHELBYVILLE 8.4 ENE, KY US","    0",",,N","    0",",,N",,,,
"US1KYSH0012","2019-11-14","38.2801","-85.0975","273.1","SHELBYVILLE 8.4 ENE, KY US","    0",",,N","    0",",,N",,,,
"US1KYSH0012","2019-11-15","38.2801","-85.0975","273.1","SHELBYVILLE 8.4 ENE, KY US","    0",",,N","    0",",,N",,,,
"US1KYSH0012","2019-11-16","38.2801","-85.0975","273.1","SHELBYVILLE 8.4 ENE, KY US","    0",",,N","    0",",,N",,,,
"US1KYSH0012","2019-11-17","38.2801","-85.0975","273.1","SHELBYVILLE 8.4 ENE, KY US","    0",",,N","    0",",,N",,,,
"US1KYSH0012","2019-11-18","38.2801","-85.0975","273.1","SHELBYVILLE 8.4 ENE, KY US","    0","T,,N",,,,,,
"US1KYSH0012","2019-11-19","38.2801","-85.0975","273.1","SHELBYVILLE 8.4 ENE, KY US","    0","T,,N",,,,,,
"US1KYSH0012","2019-11-20","38.2801","-85.0975","273.1","SHELBYVILLE 8.4 ENE, KY US","   33",",,N",,,,,,
"US1KYSH0012","2019-11-21","38.2801","-85.0975","273.1","SHELBYVILLE 8.4 ENE, KY US","    0","T,,N",,,,,,
"US1KYSH0012","2019-11-25","38.2801","-85.0975","273.1","SHELBYVILLE 8.4 ENE, KY US","    0",",,N","    0",",,N",,,,
"US1KYSH0012","2019-11-26","38.2801","-85.0975","273.1","SHELBYVILLE 8.4 ENE, KY US","    0",",,N","    0",",,N",,,,
"US1KYSH0012","2019-12-01","38.2801","-85.0975","273.1","SHELBYVILLE 8.4 ENE, KY US",,,,,"    2",",,N","  775",",,N"
"US1KYSH0012","2019-12-02","38.2801","-85.0975","273.1","SHELBYVILLE 8.4 ENE, KY US","   20",",,N",,,,,,
"US1KYSH0012","2019-12-03","38.2801","-85.0975","273.1","SHELBYVILLE 8.4 ENE, KY US","    0",",,N","    0",",,N",,,,
"US1KYSH0012","2019-12-04","38.2801","-85.0975","273.1","SHELBYVILLE 8.4 ENE, KY US","    0",",,N","    0",",,N",,,,
"US1KYSH0012","2020-02-13","38.2801","-85.0975","273.1","SHELBYVILLE 8.4 ENE, KY US","  343",",,N",,,,,,
"US1KYSH0012","2020-03-24","38.2801","-85.0975","273.1","SHELBYVILLE 8.4 ENE, KY US","    0",",,N","    0",",,N",,,,
"US1KYSH0012","2020-03-25","38.2801","-85.0975","273.1","SHELBYVILLE 8.4 ENE, KY US","   89",",,N",,,,,,
"US1KYSH0012","2020-03-26","38.2801","-85.0975","273.1","SHELBYVILLE 8.4 ENE, KY US","    0",",,N","    0",",,N",,,,
"US1KYSH0012","2020-03-27","38.2801","-85.0975","273.1","SHELBYVILLE 8.4 ENE, KY US","    0","T,,N","    0",",,N",,,,
"US1KYSH0012","2020-03-28","38.2801","-85.0975","273.1","SHELBYVILLE 8.4 ENE, KY US","    0",",,N","    0",",,N",,,,
"US1KYSH0012","2020-03-29","38.2801","-85.0975","273.1","SHELBYVILLE 8.4 ENE, KY US","   79",",,N",,,,,,
"US1KYSH0012","2020-03-30","38.2801","-85.0975","273.1","SHELBYVILLE 8.4 ENE, KY US","    0",",,N","    0",",,N",,,,
"US1KYSH0012","2020-03-31","38.2801","-85.0975","273.1","SHELBYVILLE 8.4 ENE, KY US","    0",",,N","    0",",,N",,,,
"US1KYSH0012","2020-04-01","38.2801","-85.0975","273.1","SHELBYVILLE 8.4 ENE, KY US","    8",",,N",,,,,,
"US1KYSH0012","2020-04-02","38.2801","-85.0975","273.1","SHELBYVILLE 8.4 ENE, KY US","    0",",,N","    0",",,N",,,,
"US1KYSH0012","2020-04-03","38.2801","-85.0975","273.1","SHELBYVILLE 8.4 ENE, KY US","    0",",,N","    0",",,N",,,,
"US1KYSH0012","2020-04-04","38.2801","-85.0975","273.1","SHELBYVILLE 8.4 ENE, KY US","    0",",,N","    0",",,N",,,,
"US1KYSH0012","2020-04-05","38.2801","-85.0975","273.1","SHELBYVILLE 8.4 ENE, KY US","   13",",,N",,,,,,
"US1KYSH0012","2020-04-06","38.2801","-85.0975","273.1","SHELBYVILLE 8.4 ENE, KY US","    0",",,N","    0",",,N",,,,
"US1KYSH0012","2020-04-07","38.2801","-85.0975","273.1","SHELBYVILLE 8.4 ENE, KY US","    0",",,N","    0",",,N",,,,
"US1KYSH0012","2020-04-08","38.2801","-85.0975","273.1","SHELBYVILLE 8.4 ENE, KY US","    0",",,N","    0",",,N",,,,
"US1KYSH0012","2020-04-09","38.2801","-85.0975","273.1","SHELBYVILLE 8.4 ENE, KY US","   94",",,N",,,,,,
"US1KYSH0012","2020-04-10","38.2801","-85.0975","273.1","SHELBYVILLE 8.4 ENE, KY US","   10",",,N",,,,,,
"US1KYSH0012","2020-04-11","38.2801","-85.0975","273.1","SHELBYVILLE 8.4 ENE, KY US","    0",",,N","    0",",,N",,,,
"US1KYSH0012","2020-04-12","38.2801","-85.0975","273.1","SHELBYVILLE 8.4 ENE, KY US","    0",",,N","    0",",,N",,,,
"US1KYSH0012","2020-04-13","38.2801","-85.0975","273.1","SHELBYVILLE 8.4 ENE, KY US","  259",",,N","    0",",,N",,,,
"US1KYSH0012","2020-04-14","38.2801","-85.0975","273.1","SHELBYVILLE 8.4 ENE, KY US","    0",",,N","    0",",,N",,,,
"US1KYSH0012","2020-04-15","38.2801","-85.0975","273.1","SHELBYVILLE 8.4 ENE, KY US","    0",",,N","    0",",,N",,,,
"US1KYSH0012","2020-04-16","38.2801","-85.0975","273.1","SHELBYVILLE 8.4 ENE, KY US","    0",",,N","    0",",,N",,,,
"US1KYSH0012","2020-04-17","38.2801","-85.0975","273.1","SHELBYVILLE 8.4 ENE, KY US","    0",",,N","    0",",,N",,,,
"US1KYSH0012","2020-04-18","38.2801","-85.0975","273.1","SHELBYVILLE 8.4 ENE, KY US","  102",",,N",,,,,,
"US1KYSH0012","2020-04-19","38.2801","-85.0975","273.1","SHELBYVILLE 8.4 ENE, KY US","    0",",,N","    0",",,N",,,,
"US1KYSH0012","2020-04-20","38.2801","-85.0975","273.1","SHELBYVILLE 8.4 ENE, KY US","    0",",,N","    0",",,N",,,,
"US1KYSH0012","2020-04-21","38.2801","-85.0975","273.1","SHELBYVILLE 8.4 ENE, KY US","    0",",,N","    0",",,N",,,,
"US1KYSH0012","2020-04-22","38.2801","-85.0975","273.1","SHELBYVILLE 8.4 ENE, KY US","    0",",,N","    0",",,N",,,,
"US1KYSH0012","2020-04-23","38.2801","-85.0975","273.1","SHELBYVILLE 8.4 ENE, KY US","    8",",,N",,,,,,
"US1KYSH0012","2020-04-24","38.2801","-85.0975","273.1","SHELBYVILLE 8.4 ENE, KY US","  318",",,N",,,,,,
"US1KYSH0012","2020-04-25","38.2801","-85.0975","273.1","SHELBYVILLE 8.4 ENE, KY US","    0",",,N","    0",",,N",,,,
"US1KYSH0012","2020-04-26","38.2801","-85.0975","273.1","SHELBYVILLE 8.4 ENE, KY US","  274",",,N",,,,,,
"US1KYSH0012","2020-04-27","38.2801","-85.0975","273.1","SHELBYVILLE 8.4 ENE, KY US","   10",",,N",,,,,,
"US1KYSH0012","2020-04-28","38.2801","-85.0975","273.1","SHELBYVILLE 8.4 ENE, KY US","    5",",,N",,,,,,
"US1KYSH0012","2020-04-29","38.2801","-85.0975","273.1","SHELBYVILLE 8.4 ENE, KY US","    0",",,N","    0",",,N",,,,
"US1KYSH0012","2020-04-30","38.2801","-85.0975","273.1","SHELBYVILLE 8.4 ENE, KY US","   38",",,N",,,,,,
"US1KYSH0012","2020-05-01","38.2801","-85.0975","273.1","SHELBYVILLE 8.4 ENE, KY US","   48",",,N",,,,,,
"US1KYSH0012","2020-05-02","38.2801","-85.0975","273.1","SHELBYVILLE 8.4 ENE, KY US","    0",",,N","    0",",,N",,,,
"US1KYSH0012","2020-05-03","38.2801","-85.0975","273.1","SHELBYVILLE 8.4 ENE, KY US","    0",",,N","    0",",,N",,,,
"US1KYSH0012","2020-05-04","38.2801","-85.0975","273.1","SHELBYVILLE 8.4 ENE, KY US","   51",",,N",,,,,,
"US1KYSH0012","2020-05-05","38.2801","-85.0975","273.1","SHELBYVILLE 8.4 ENE, KY US","   66",",,N",,,,,,
"US1KYSH0012","2020-05-06","38.2801","-85.0975","273.1","SHELBYVILLE 8.4 ENE, KY US","   20",",,N",,,,,,
"US1KYSH0012","2020-05-07","38.2801","-85.0975","273.1","SHELBYVILLE 8.4 ENE, KY US","    0",",,N","    0",",,N",,,,
"US1KYSH0012","2020-05-08","38.2801","-85.0975","273.1","SHELBYVILLE 8.4 ENE, KY US","    0","T,,N",,,,,,
"US1KYSH0012","2020-05-09","38.2801","-85.0975","273.1","SHELBYVILLE 8.4 ENE, KY US","  185",",,N",,,,,,
"US1KYSH0012","2020-05-10","38.2801","-85.0975","273.1","SHELBYVILLE 8.4 ENE, KY US","    0",",,N","    0",",,N",,,,
"US1KYSH0012","2020-05-11","38.2801","-85.0975","273.1","SHELBYVILLE 8.4 ENE, KY US","   10",",,N",,,,,,
"US1KYSH0012","2020-05-12","38.2801","-85.0975","273.1","SHELBYVILLE 8.4 ENE, KY US","    0",",,N","    0",",,N",,,,
"US1KYSH0012","2020-05-13","38.2801","-85.0975","273.1","SHELBYVILLE 8.4 ENE, KY US","    3",",,N",,,,,,
"US1KYSH0012","2020-05-14","38.2801","-85.0975","273.1","SHELBYVILLE 8.4 ENE, KY US","   33",",,N",,,,,,
"US1KYSH0012","2020-05-15","38.2801","-85.0975","273.1","SHELBYVILLE 8.4 ENE, KY US","   28",",,N",,,,,,
"US1KYSH0012","2020-05-16","38.2801","-85.0975","273.1","SHELBYVILLE 8.4 ENE, KY US","  234",",,N",,,,,,
"US1KYSH0012","2020-05-17","38.2801","-85.0975","273.1","SHELBYVILLE 8.4 ENE, KY US","   64",",,N",,,,,,
"US1KYSH0012","2020-05-18","38.2801","-85.0975","273.1","SHELBYVILLE 8.4 ENE, KY US","    8",",,N",,,,,,
"US1KYSH0012","2020-05-19","38.2801","-85.0975","273.1","SHELBYVILLE 8.4 ENE, KY US","  249",",,N",,,,,,
"US1KYSH0012","2020-05-20","38.2801","-85.0975","273.1","SHELBYVILLE 8.4 ENE, KY US","   30",",,N",,,,,,
"US1KYSH0012","2020-05-21","38.2801","-85.0975","273.1","SHELBYVILLE 8.4 ENE, KY US","    0",",,N","    0",",,N",,,,
"US1KYSH0012","2020-05-22","38.2801","-85.0975","273.1","SHELBYVILLE 8.4 ENE, KY US","    0",",,N","    0",",,N",,,,
"US1KYSH0012","2020-05-23","38.2801","-85.0975","273.1","SHELBYVILLE 8.4 ENE, KY US","    3",",,N",,,,,,
"US1KYSH0012","2020-05-24","38.2801","-85.0975","273.1","SHELBYVILLE 8.4 ENE, KY US","  338",",,N",,,,,,
"US1KYSH0012","2020-05-25","38.2801","-85.0975","273.1","SHELBYVILLE 8.4 ENE, KY US","    0",",,N","    0",",,N",,,,
"US1KYSH0012","2020-05-26","38.2801","-85.0975","273.1","SHELBYVILLE 8.4 ENE, KY US","   20",",,N",,,,,,
"US1KYSH0012","2020-05-27","38.2801","-85.0975","273.1","SHELBYVILLE 8.4 ENE, KY US","    3",",,N",,,,,,
"US1KYSH0012","2020-05-28","38.2801","-85.0975","273.1","SHELBYVILLE 8.4 ENE, KY US","    8",",,N",,,,,,
"US1KYSH0012","2020-05-29","38.2801","-85.0975","273.1","SHELBYVILLE 8.4 ENE, KY US","    5",",,N",,,,,,
"US1KYSH0012","2020-05-30","38.2801","-85.0975","273.1","SHELBYVILLE 8.4 ENE, KY US","   20",",,N",,,,,,
"US1KYSH0012","2020-05-31","38.2801","-85.0975","273.1","SHELBYVILLE 8.4 ENE, KY US","    0",",,N","    0",",,N",,,,
"US1KYSH0012","2020-06-01","38.2801","-85.0975","273.1","SHELBYVILLE 8.4 ENE, KY US","    0",",,N","    0",",,N",,,,
"US1KYSH0012","2020-06-02","38.2801","-85.0975","273.1","SHELBYVILLE 8.4 ENE, KY US","    0",",,N","    0",",,N",,,,
"US1KYSH0012","2020-06-03","38.2801","-85.0975","273.1","SHELBYVILLE 8.4 ENE, KY US","    0",",,N","    0",",,N",,,,
"US1KYSH0012","2020-06-04","38.2801","-85.0975","273.1","SHELBYVILLE 8.4 ENE, KY US","    0",",,N","    0",",,N",,,,
"US1KYSH0012","2020-06-05","38.2801","-85.0975","273.1","SHELBYVILLE 8.4 ENE, KY US","   53",",,N",,,,,,
"US1KYSH0012","2020-06-06","38.2801","-85.0975","273.1","SHELBYVILLE 8.4 ENE, KY US","    0",",,N","    0",",,N",,,,
"US1KYSH0012","2020-06-07","38.2801","-85.0975","273.1","SHELBYVILLE 8.4 ENE, KY US","    0",",,N","    0",",,N",,,,
"US1KYSH0012","2020-06-08","38.2801","-85.0975","273.1","SHELBYVILLE 8.4 ENE, KY US","    0",",,N","    0",",,N",,,,
"US1KYSH0012","2020-06-09","38.2801","-85.0975","273.1","SHELBYVILLE 8.4 ENE, KY US","    0",",,N","    0",",,N",,,,
"US1KYSH0012","2020-06-10","38.2801","-85.0975","273.1","SHELBYVILLE 8.4 ENE, KY US","    0",",,N","    0",",,N",,,,
"US1KYSH0012","2020-06-11","38.2801","-85.0975","273.1","SHELBYVILLE 8.4 ENE, KY US","    0",",,N","    0",",,N",,,,
"US1KYSH0012","2020-06-12","38.2801","-85.0975","273.1","SHELBYVILLE 8.4 ENE, KY US","    0",",,N","    0",",,N",,,,
"US1KYSH0012","2020-06-13","38.2801","-85.0975","273.1","SHELBYVILLE 8.4 ENE, KY US","    0",",,N","    0",",,N",,,,
"US1KYSH0012","2020-06-14","38.2801","-85.0975","273.1","SHELBYVILLE 8.4 ENE, KY US","    0","T,,N",,,,,,
"US1KYSH0012","2020-06-15","38.2801","-85.0975","273.1","SHELBYVILLE 8.4 ENE, KY US","    0","T,,N",,,,,,
"US1KYSH0012","2020-06-16","38.2801","-85.0975","273.1","SHELBYVILLE 8.4 ENE, KY US","    0",",,N","    0",",,N",,,,
"US1KYSH0012","2020-06-17","38.2801","-85.0975","273.1","SHELBYVILLE 8.4 ENE, KY US","    0",",,N","    0",",,N",,,,
"US1KYSH0012","2020-06-18","38.2801","-85.0975","273.1","SHELBYVILLE 8.4 ENE, KY US","    0",",,N","    0",",,N",,,,
"US1KYSH0012","2020-06-19","38.2801","-85.0975","273.1","SHELBYVILLE 8.4 ENE, KY US","    0","T,,N",,,,,,
"US1KYSH0012","2020-06-20","38.2801","-85.0975","273.1","SHELBYVILLE 8.4 ENE, KY US","    0",",,N","    0",",,N",,,,
"US1KYSH0012","2020-06-21","38.2801","-85.0975","273.1","SHELBYVILLE 8.4 ENE, KY US","    0",",,N","    0",",,N",,,,
"US1KYSH0012","2020-06-22","38.2801","-85.0975","273.1","SHELBYVILLE 8.4 ENE, KY US","  351",",,N",,,,,,
"US1KYSH0012","2020-06-23","38.2801","-85.0975","273.1","SHELBYVILLE 8.4 ENE, KY US","   91",",,N",,,,,,
"US1KYSH0012","2020-06-24","38.2801","-85.0975","273.1","SHELBYVILLE 8.4 ENE, KY US","   25",",,N",,,,,,
"US1KYSH0012","2020-06-25","38.2801","-85.0975","273.1","SHELBYVILLE 8.4 ENE, KY US","    0",",,N","    0",",,N",,,,
"US1KYSH0012","2020-06-26","38.2801","-85.0975","273.1","SHELBYVILLE 8.4 ENE, KY US","    0",",,N","    0",",,N",,,,
"US1KYSH0012","2020-06-27","38.2801","-85.0975","273.1","SHELBYVILLE 8.4 ENE, KY US","    0",",,N","    0",",,N",,,,
"US1KYSH0012","2020-06-28","38.2801","-85.0975","273.1","SHELBYVILLE 8.4 ENE, KY US","   18",",,N",,,,,,
"US1KYSH0012","2020-06-29","38.2801","-85.0975","273.1","SHELBYVILLE 8.4 ENE, KY US","  152",",,N",,,,,,
"US1KYSH0012","2020-06-30","38.2801","-85.0975","273.1","SHELBYVILLE 8.4 ENE, KY US","  340",",,N",,,,,,
"US1KYSH0012","2020-07-01","38.2801","-85.0975","273.1","SHELBYVILLE 8.4 ENE, KY US","    0",",,N","    0",",,N",,,,
"US1KYSH0012","2020-07-02","38.2801","-85.0975","273.1","SHELBYVILLE 8.4 ENE, KY US","    0",",,N","    0",",,N",,,,
"US1KYSH0012","2020-07-03","38.2801","-85.0975","273.1","SHELBYVILLE 8.4 ENE, KY US","    0",",,N","    0",",,N",,,,
"US1KYSH0012","2020-07-04","38.2801","-85.0975","273.1","SHELBYVILLE 8.4 ENE, KY US","    0",",,N","    0",",,N",,,,
"US1KYSH0012","2020-07-05","38.2801","-85.0975","273.1","SHELBYVILLE 8.4 ENE, KY US","    0",",,N","    0",",,N",,,,
"US1KYSH0012","2020-07-06","38.2801","-85.0975","273.1","SHELBYVILLE 8.4 ENE, KY US","    0",",,N","    0",",,N",,,,
"US1KYSH0012","2020-07-07","38.2801","-85.0975","273.1","SHELBYVILLE 8.4 ENE, KY US","    0",",,N","    0",",,N",,,,
"US1KYSH0012","2020-07-08","38.2801","-85.0975","273.1","SHELBYVILLE 8.4 ENE, KY US","    0",",,N","    0",",,N",,,,
"US1KYSH0012","2020-07-09","38.2801","-85.0975","273.1","SHELBYVILLE 8.4 ENE, KY US","    3",",,N",,,,,,
"US1KYSH0012","2020-07-10","38.2801","-85.0975","273.1","SHELBYVILLE 8.4 ENE, KY US","    8",",,N",,,,,,
"US1KYSH0012","2020-07-11","38.2801","-85.0975","273.1","SHELBYVILLE 8.4 ENE, KY US","    0",",,N","    0",",,N",,,,
"US1KYSH0012","2020-07-12","38.2801","-85.0975","273.1","SHELBYVILLE 8.4 ENE, KY US","  259",",,N",,,,,,
"US1KYSH0012","2020-07-13","38.2801","-85.0975","273.1","SHELBYVILLE 8.4 ENE, KY US","    0",",,N","    0",",,N",,,,
"US1KYSH0012","2020-07-14","38.2801","-85.0975","273.1","SHELBYVILLE 8.4 ENE, KY US","    0",",,N","    0",",,N",,,,
"US1KYSH0012","2020-07-15","38.2801","-85.0975","273.1","SHELBYVILLE 8.4 ENE, KY US","    0",",,N","    0",",,N",,,,
"US1KYSH0012","2020-07-16","38.2801","-85.0975","273.1","SHELBYVILLE 8.4 ENE, KY US","    0",",,N","    0",",,N",,,,
"US1KYSH0012","2020-07-17","38.2801","-85.0975","273.1","SHELBYVILLE 8.4 ENE, KY US","    0",",,N","    0",",,N",,,,
"US1KYSH0012","2020-07-18","38.2801","-85.0975","273.1","SHELBYVILLE 8.4 ENE, KY US","    0",",,N","    0",",,N",,,,
"US1KYSH0012","2020-07-19","38.2801","-85.0975","273.1","SHELBYVILLE 8.4 ENE, KY US","    0",",,N","    0",",,N",,,,
"US1KYSH0012","2020-07-20","38.2801","-85.0975","273.1","SHELBYVILLE 8.4 ENE, KY US","    0",",,N","    0",",,N",,,,
"US1KYSH0012","2020-07-21","38.2801","-85.0975","273.1","SHELBYVILLE 8.4 ENE, KY US","    5",",,N",,,,,,
"US1KYSH0012","2020-07-22","38.2801","-85.0975","273.1","SHELBYVILLE 8.4 ENE, KY US","    8",",,N",,,,,,
"US1KYSH0012","2020-07-23","38.2801","-85.0975","273.1","SHELBYVILLE 8.4 ENE, KY US","   53",",,N",,,,,,
"US1KYSH0012","2020-07-24","38.2801","-85.0975","273.1","SHELBYVILLE 8.4 ENE, KY US","  157",",,N",,,,,,
"US1KYSH0012","2020-07-25","38.2801","-85.0975","273.1","SHELBYVILLE 8.4 ENE, KY US","    0",",,N","    0",",,N",,,,
"US1KYSH0012","2020-07-26","38.2801","-85.0975","273.1","SHELBYVILLE 8.4 ENE, KY US","    0",",,N","    0",",,N",,,,
"US1KYSH0012","2020-07-27","38.2801","-85.0975","273.1","SHELBYVILLE 8.4 ENE, KY US","    0",",,N","    0",",,N",,,,
"US1KYSH0012","2020-07-28","38.2801","-85.0975","273.1","SHELBYVILLE 8.4 ENE, KY US","    0",",,N","    0",",,N",,,,
"US1KYSH0012","2020-07-29","38.2801","-85.0975","273.1","SHELBYVILLE 8.4 ENE, KY US","    0",",,N","    0",",,N",,,,
"US1KYSH0012","2020-07-30","38.2801","-85.0975","273.1","SHELBYVILLE 8.4 ENE, KY US","    0",",,N","    0",",,N",,,,
"US1KYSH0012","2020-07-31","38.2801","-85.0975","273.1","SHELBYVILLE 8.4 ENE, KY US","  869",",,N",,,,,,
"US1KYSH0012","2020-08-01","38.2801","-85.0975","273.1","SHELBYVILLE 8.4 ENE, KY US","   13",",,N",,,,,,
"US1KYSH0012","2020-08-02","38.2801","-85.0975","273.1","SHELBYVILLE 8.4 ENE, KY US","  152",",,N",,,,,,
"US1KYSH0012","2020-08-03","38.2801","-85.0975","273.1","SHELBYVILLE 8.4 ENE, KY US","    0","T,,N",,,,,,
"US1KYSH0012","2020-08-04","38.2801","-85.0975","273.1","SHELBYVILLE 8.4 ENE, KY US","   18",",,N",,,,,,
"US1KYSH0012","2020-08-05","38.2801","-85.0975","273.1","SHELBYVILLE 8.4 ENE, KY US","    0",",,N","    0",",,N",,,,
"US1KYSH0012","2020-08-06","38.2801","-85.0975","273.1","SHELBYVILLE 8.4 ENE, KY US","    0",",,N","    0",",,N",,,,
"US1KYSH0012","2020-08-07","38.2801","-85.0975","273.1","SHELBYVILLE 8.4 ENE, KY US","    0",",,N","    0",",,N",,,,
"US1KYSH0012","2020-08-08","38.2801","-85.0975","273.1","SHELBYVILLE 8.4 ENE, KY US","    0",",,N","    0",",,N",,,,
"US1KYSH0012","2020-08-09","38.2801","-85.0975","273.1","SHELBYVILLE 8.4 ENE, KY US","    0",",,N","    0",",,N",,,,
"US1KYSH0012","2020-08-10","38.2801","-85.0975","273.1","SHELBYVILLE 8.4 ENE, KY US","    0",",,N","    0",",,N",,,,
"US1KYSH0012","2020-08-11","38.2801","-85.0975","273.1","SHELBYVILLE 8.4 ENE, KY US","  163",",,N",,,,,,
"US1KYSH0012","2020-08-12","38.2801","-85.0975","273.1","SHELBYVILLE 8.4 ENE, KY US","    0",",,N","    0",",,N",,,,
"US1KYSH0012","2020-08-13","38.2801","-85.0975","273.1","SHELBYVILLE 8.4 ENE, KY US","    0",",,N","    0",",,N",,,,
"US1KYSH0012","2020-08-14","38.2801","-85.0975","273.1","SHELBYVILLE 8.4 ENE, KY US","    0",",,N","    0",",,N",,,,
"US1KYSH0012","2020-08-15","38.2801","-85.0975","273.1","SHELBYVILLE 8.4 ENE, KY US","   64",",,N",,,,,,
"US1KYSH0012","2020-08-16","38.2801","-85.0975","273.1","SHELBYVILLE 8.4 ENE, KY US","    0",",,N","    0",",,N",,,,
"US1KYSH0012","2020-08-17","38.2801","-85.0975","273.1","SHELBYVILLE 8.4 ENE, KY US","    0",",,N","    0",",,N",,,,
"US1KYSH0012","2020-08-18","38.2801","-85.0975","273.1","SHELBYVILLE 8.4 ENE, KY US","    0",",,N","    0",",,N",,,,
"US1KYSH0012","2020-08-19","38.2801","-85.0975","273.1","SHELBYVILLE 8.4 ENE, KY US","  538",",,N",,,,,,
"US1KYSH0012","2020-08-20","38.2801","-85.0975","273.1","SHELBYVILLE 8.4 ENE, KY US","    0",",,N","    0",",,N",,,,
"US1KYSH0012","2020-08-21","38.2801","-85.0975","273.1","SHELBYVILLE 8.4 ENE, KY US","    0",",,N","    0",",,N",,,,
"US1KYSH0012","2020-08-22","38.2801","-85.0975","273.1","SHELBYVILLE 8.4 ENE, KY US","    5",",,N",,,,,,
"US1KYSH0012","2020-08-23","38.2801","-85.0975","273.1","SHELBYVILLE 8.4 ENE, KY US","    0",",,N","    0",",,N",,,,
"US1KYSH0012","2020-08-24","38.2801","-85.0975","273.1","SHELBYVILLE 8.4 ENE, KY US","    0",",,N","    0",",,N",,,,
"US1KYSH0012","2020-08-25","38.2801","-85.0975","273.1","SHELBYVILLE 8.4 ENE, KY US","    0",",,N","    0",",,N",,,,
"US1KYSH0012","2020-08-26","38.2801","-85.0975","273.1","SHELBYVILLE 8.4 ENE, KY US","    0",",,N","    0",",,N",,,,
"US1KYSH0012","2020-08-27","38.2801","-85.0975","273.1","SHELBYVILLE 8.4 ENE, KY US","    0",",,N","    0",",,N",,,,
"US1KYSH0012","2020-08-28","38.2801","-85.0975","273.1","SHELBYVILLE 8.4 ENE, KY US","    0","T,,N",,,,,,
"US1KYSH0012","2020-08-29","38.2801","-85.0975","273.1","SHELBYVILLE 8.4 ENE, KY US","  279",",,N",,,,,,
"US1KYSH0012","2020-08-30","38.2801","-85.0975","273.1","SHELBYVILLE 8.4 ENE, KY US","    0","T,,N",,,,,,
"US1KYSH0012","2020-08-31","38.2801","-85.0975","273.1","SHELBYVILLE 8.4 ENE, KY US","  102",",,N",,,,,,
"US1KYSH0012","2020-09-01","38.2801","-85.0975","273.1","SHELBYVILLE 8.4 ENE, KY US","   13",",,N",,,,,,
"US1KYSH0012","2020-09-02","38.2801","-85.0975","273.1","SHELBYVILLE 8.4 ENE, KY US","  102",",,N",,,,,,
"US1KYSH0012","2020-09-03","38.2801","-85.0975","273.1","SHELBYVILLE 8.4 ENE, KY US","  269",",,N",,,,,,
"US1KYSH0012","2020-09-04","38.2801","-85.0975","273.1","SHELBYVILLE 8.4 ENE, KY US","   89",",,N",,,,,,
"US1KYSH0012","2020-09-05","38.2801","-85.0975","273.1","SHELBYVILLE 8.4 ENE, KY US","    0",",,N","    0",",,N",,,,
"US1KYSH0012","2020-09-06","38.2801","-85.0975","273.1","SHELBYVILLE 8.4 ENE, KY US","    0",",,N","    0",",,N",,,,
"US1KYSH0012","2020-09-07","38.2801","-85.0975","273.1","SHELBYVILLE 8.4 ENE, KY US","    0",",,N","    0",",,N",,,,
"US1KYSH0012","2020-09-08","38.2801","-85.0975","273.1","SHELBYVILLE 8.4 ENE, KY US","    0",",,N","    0",",,N",,,,
"US1KYSH0012","2020-09-09","38.2801","-85.0975","273.1","SHELBYVILLE 8.4 ENE, KY US","    0",",,N","    0",",,N",,,,
"US1KYSH0012","2020-09-10","38.2801","-85.0975","273.1","SHELBYVILLE 8.4 ENE, KY US","    0",",,N","    0",",,N",,,,
"US1KYSH0012","2020-09-11","38.2801","-85.0975","273.1","SHELBYVILLE 8.4 ENE, KY US","    0",",,N","    0",",,N",,,,
"US1KYSH0012","2020-09-12","38.2801","-85.0975","273.1","SHELBYVILLE 8.4 ENE, KY US","    0",",,N","    0",",,N",,,,
"US1KYSH0012","2020-09-13","38.2801","-85.0975","273.1","SHELBYVILLE 8.4 ENE, KY US","   25",",,N",,,,,,
"US1KYSH0012","2020-09-14","38.2801","-85.0975","273.1","SHELBYVILLE 8.4 ENE, KY US","    3",",,N",,,,,,
"US1KYSH0012","2020-09-15","38.2801","-85.0975","273.1","SHELBYVILLE 8.4 ENE, KY US","    0",",,N","    0",",,N",,,,
"US1KYSH0012","2020-09-16","38.2801","-85.0975","273.1","SHELBYVILLE 8.4 ENE, KY US","    0",",,N","    0",",,N",,,,
"US1KYSH0012","2020-09-17","38.2801","-85.0975","273.1","SHELBYVILLE 8.4 ENE, KY US","    0",",,N","    0",",,N",,,,
"US1KYSH0012","2020-09-18","38.2801","-85.0975","273.1","SHELBYVILLE 8.4 ENE, KY US","    0",",,N","    0",",,N",,,,
"US1KYSH0012","2020-09-19","38.2801","-85.0975","273.1","SHELBYVILLE 8.4 ENE, KY US","    0",",,N","    0",",,N",,,,
"US1KYSH0012","2020-09-20","38.2801","-85.0975","273.1","SHELBYVILLE 8.4 ENE, KY US","    0",",,N","    0",",,N",,,,
"US1KYSH0012","2020-09-21","38.2801","-85.0975","273.1","SHELBYVILLE 8.4 ENE, KY US","    0",",,N","    0",",,N",,,,
"US1KYSH0012","2020-09-22","38.2801","-85.0975","273.1","SHELBYVILLE 8.4 ENE, KY US","    0",",,N","    0",",,N",,,,
"US1KYSH0012","2020-09-23","38.2801","-85.0975","273.1","SHELBYVILLE 8.4 ENE, KY US","    0",",,N","    0",",,N",,,,
"US1KYSH0012","2020-09-24","38.2801","-85.0975","273.1","SHELBYVILLE 8.4 ENE, KY US","    0",",,N","    0",",,N",,,,
"US1KYSH0012","2020-09-25","38.2801","-85.0975","273.1","SHELBYVILLE 8.4 ENE, KY US","    0","T,,N",,,,,,
"US1KYSH0012","2020-09-26","38.2801","-85.0975","273.1","SHELBYVILLE 8.4 ENE, KY US","    0",",,N","    0",",,N",,,,
"US1KYSH0012","2020-09-27","38.2801","-85.0975","273.1","SHELBYVILLE 8.4 ENE, KY US","    0",",,N","    0",",,N",,,,
"US1KYSH0012","2020-09-28","38.2801","-85.0975","273.1","SHELBYVILLE 8.4 ENE, KY US","    0",",,N","    0",",,N",,,,
"US1KYSH0012","2020-09-29","38.2801","-85.0975","273.1","SHELBYVILLE 8.4 ENE, KY US","   84",",,N",,,,,,
"US1KYSH0012","2020-09-30","38.2801","-85.0975","273.1","SHELBYVILLE 8.4 ENE, KY US","   69",",,N",,,,,,
"US1KYSH0012","2021-05-05","38.2801","-85.0975","273.1","SHELBYVILLE 8.4 ENE, KY US",,,,,"    2",",,N"," 1011",",,N"
"US1KYSH0012","2021-05-06","38.2801","-85.0975","273.1","SHELBYVILLE 8.4 ENE, KY US","    0",",,N","    0",",,N",,,,
"US1KYSH0012","2021-05-07","38.2801","-85.0975","273.1","SHELBYVILLE 8.4 ENE, KY US","    0",",,N","    0",",,N",,,,
"US1KYSH0012","2021-06-19","38.2801","-85.0975","273.1","SHELBYVILLE 8.4 ENE, KY US","  145",",,N",,,,,,
"US1KYSH0012","2021-06-21","38.2801","-85.0975","273.1","SHELBYVILLE 8.4 ENE, KY US","    0",",,N","    0",",,N",,,,
"US1KYSH0012","2021-06-22","38.2801","-85.0975","273.1","SHELBYVILLE 8.4 ENE, KY US","  114",",,N",,,,,,
"US1KYSH0012","2021-06-23","38.2801","-85.0975","273.1","SHELBYVILLE 8.4 ENE, KY US","    0",",,N","    0",",,N",,,,
"US1KYSH0012","2021-06-24","38.2801","-85.0975","273.1","SHELBYVILLE 8.4 ENE, KY US","    0",",,N","    0",",,N",,,,
"US1KYSH0012","2021-06-25","38.2801","-85.0975","273.1","SHELBYVILLE 8.4 ENE, KY US","    0",",,N","    0",",,N",,,,
"US1KYSH0012","2021-06-26","38.2801","-85.0975","273.1","SHELBYVILLE 8.4 ENE, KY US","    0",",,N","    0",",,N",,,,
"US1KYSH0012","2021-06-27","38.2801","-85.0975","273.1","SHELBYVILLE 8.4 ENE, KY US","    0",",,N","    0",",,N",,,,
"US1KYSH0012","2021-06-28","38.2801","-85.0975","273.1","SHELBYVILLE 8.4 ENE, KY US","    0",",,N","    0",",,N",,,,
"US1KYSH0012","2021-06-29","38.2801","-85.0975","273.1","SHELBYVILLE 8.4 ENE, KY US","    0",",,N","    0",",,N",,,,
"US1KYSH0012","2021-06-30","38.2801","-85.0975","273.1","SHELBYVILLE 8.4 ENE, KY US","    0",",,N","    0",",,N",,,,
"US1KYSH0012","2021-07-01","38.2801","-85.0975","273.1","SHELBYVILLE 8.4 ENE, KY US","  109",",,N",,,,,,
"US1KYSH0012","2021-07-03","38.2801","-85.0975","273.1","SHELBYVILLE 8.4 ENE, KY US",,,,,"    2",",,N","  246",",,N"
"US1KYSH0012","2021-07-04","38.2801","-85.0975","273.1","SHELBYVILLE 8.4 ENE, KY US","    0",",,N","    0",",,N",,,,
"US1KYSH0012","2021-07-05","38.2801","-85.0975","273.1","SHELBYVILLE 8.4 ENE, KY US","    0",",,N","    0",",,N",,,,
"US1KYSH0012","2021-07-06","38.2801","-85.0975","273.1","SHELBYVILLE 8.4 ENE, KY US","    0",",,N","    0",",,N",,,,
"US1KYSH0012","2021-07-07","38.2801","-85.0975","273.1","SHELBYVILLE 8.4 ENE, KY US","  114",",,N",,,,,,
"US1KYSH0012","2021-07-08","38.2801","-85.0975","273.1","SHELBYVILLE 8.4 ENE, KY US","   25",",,N",,,,,,
"US1KYSH0012","2021-07-09","38.2801","-85.0975","273.1","SHELBYVILLE 8.4 ENE, KY US","  264",",,N",,,,,,
"US1KYSH0012","2021-07-11","38.2801","-85.0975","273.1","SHELBYVILLE 8.4 ENE, KY US",,,,,"    2",",,N","  180",",,N"
"US1KYSH0012","2021-07-12","38.2801","-85.0975","273.1","SHELBYVILLE 8.4 ENE, KY US","   51",",,N",,,,,,
"US1KYSH0012","2021-07-13","38.2801","-85.0975","273.1","SHELBYVILLE 8.4 ENE, KY US","    3",",,N",,,,,,
"US1KYSH0012","2021-07-14","38.2801","-85.0975","273.1","SHELBYVILLE 8.4 ENE, KY US","   51",",,N",,,,,,
"US1KYSH0012","2021-07-15","38.2801","-85.0975","273.1","SHELBYVILLE 8.4 ENE, KY US","    0",",,N","    0",",,N",,,,
"US1KYSH0012","2021-07-16","38.2801","-85.0975","273.1","SHELBYVILLE 8.4 ENE, KY US","    0",",,N","    0",",,N",,,,
"US1KYSH0012","2021-07-17","38.2801","-85.0975","273.1","SHELBYVILLE 8.4 ENE, KY US","  310",",,N",,,,,,
"US1KYSH0012","2021-07-18","38.2801","-85.0975","273.1","SHELBYVILLE 8.4 ENE, KY US","   28",",,N",,,,,,
"US1KYSH0012","2021-07-19","38.2801","-85.0975","273.1","SHELBYVILLE 8.4 ENE, KY US","    0",",,N","    0",",,N",,,,
"US1KYSH0012","2021-07-20","38.2801","-85.0975","273.1","SHELBYVILLE 8.4 ENE, KY US","    0",",,N","    0",",,N",,,,
"US1KYSH0012","2021-07-21","38.2801","-85.0975","273.1","SHELBYVILLE 8.4 ENE, KY US","    0",",,N","    0",",,N",,,,
"US1KYSH0012","2021-07-22","38.2801","-85.0975","273.1","SHELBYVILLE 8.4 ENE, KY US","    0",",,N","    0",",,N",,,,
"US1KYSH0012","2021-07-23","38.2801","-85.0975","273.1","SHELBYVILLE 8.4 ENE, KY US","    0",",,N","    0",",,N",,,,
"US1KYSH0012","2021-07-24","38.2801","-85.0975","273.1","SHELBYVILLE 8.4 ENE, KY US","    0",",,N","    0",",,N",,,,
"US1KYSH0012","2021-07-25","38.2801","-85.0975","273.1","SHELBYVILLE 8.4 ENE, KY US","    0",",,N","    0",",,N",,,,
"US1KYSH0012","2021-07-26","38.2801","-85.0975","273.1","SHELBYVILLE 8.4 ENE, KY US","    0",",,N","    0",",,N",,,,
"US1KYSH0012","2021-07-27","38.2801","-85.0975","273.1","SHELBYVILLE 8.4 ENE, KY US","    0",",,N","    0",",,N",,,,
"US1KYSH0012","2021-07-28","38.2801","-85.0975","273.1","SHELBYVILLE 8.4 ENE, KY US","    0",",,N","    0",",,N",,,,
"US1KYSH0012","2021-07-29","38.2801","-85.0975","273.1","SHELBYVILLE 8.4 ENE, KY US","    0",",,N","    0",",,N",,,,
"US1KYSH0012","2021-07-30","38.2801","-85.0975","273.1","SHELBYVILLE 8.4 ENE, KY US","   41",",,N",,,,,,
"US1KYSH0012","2021-07-31","38.2801","-85.0975","273.1","SHELBYVILLE 8.4 ENE, KY US","    0",",,N","    0",",,N",,,,
"US1KYSH0012","2021-08-01","38.2801","-85.0975","273.1","SHELBYVILLE 8.4 ENE, KY US","    5",",,N",,,,,,
"US1KYSH0012","2021-08-02","38.2801","-85.0975","273.1","SHELBYVILLE 8.4 ENE, KY US","    0",",,N","    0",",,N",,,,
"US1KYSH0012","2021-08-03","38.2801","-85.0975","273.1","SHELBYVILLE 8.4 ENE, KY US","    0",",,N","    0",",,N",,,,
"US1KYSH0012","2021-08-04","38.2801","-85.0975","273.1","SHELBYVILLE 8.4 ENE, KY US","    0",",,N","    0",",,N",,,,
"US1KYSH0012","2021-08-05","38.2801","-85.0975","273.1","SHELBYVILLE 8.4 ENE, KY US","    0",",,N","    0",",,N",,,,
"US1KYSH0012","2021-08-06","38.2801","-85.0975","273.1","SHELBYVILLE 8.4 ENE, KY US","    0",",,N","    0",",,N",,,,
"US1KYSH0012","2021-08-07","38.2801","-85.0975","273.1","SHELBYVILLE 8.4 ENE, KY US","    0",",,N","    0",",,N",,,,
"US1KYSH0012","2021-08-08","38.2801","-85.0975","273.1","SHELBYVILLE 8.4 ENE, KY US","    0",",,N","    0",",,N",,,,
"US1KYSH0012","2021-08-09","38.2801","-85.0975","273.1","SHELBYVILLE 8.4 ENE, KY US","    0",",,N","    0",",,N",,,,
"US1KYSH0012","2021-08-10","38.2801","-85.0975","273.1","SHELBYVILLE 8.4 ENE, KY US","  234",",,N",,,,,,
"US1KYSH0012","2021-08-11","38.2801","-85.0975","273.1","SHELBYVILLE 8.4 ENE, KY US","   71",",,N",,,,,,
"US1KYSH0012","2021-08-12","38.2801","-85.0975","273.1","SHELBYVILLE 8.4 ENE, KY US","    0","T,,N",,,,,,
"US1KYSH0012","2021-08-13","38.2801","-85.0975","273.1","SHELBYVILLE 8.4 ENE, KY US","   81",",,N",,,,,,
"US1KYSH0012","2021-08-14","38.2801","-85.0975","273.1","SHELBYVILLE 8.4 ENE, KY US","  254",",,N",,,,,,
"US1KYSH0012","2021-08-15","38.2801","-85.0975","273.1","SHELBYVILLE 8.4 ENE, KY US","    5",",,N",,,,,,
"US1KYSH0012","2021-08-16","38.2801","-85.0975","273.1","SHELBYVILLE 8.4 ENE, KY US","    5",",,N",,,,,,
"US1KYSH0012","2021-08-17","38.2801","-85.0975","273.1","SHELBYVILLE 8.4 ENE, KY US","    0",",,N","    0",",,N",,,,
"US1KYSH0012","2021-08-18","38.2801","-85.0975","273.1","SHELBYVILLE 8.4 ENE, KY US","  226",",,N",,,,,,
"US1KYSH0012","2021-08-19","38.2801","-85.0975","273.1","SHELBYVILLE 8.4 ENE, KY US","  145",",,N",,,,,,
"US1KYSH0012","2021-08-20","38.2801","-85.0975","273.1","SHELBYVILLE 8.4 ENE, KY US","  490",",,N",,,,,,
"US1KYSH0012","2021-08-21","38.2801","-85.0975","273.1","SHELBYVILLE 8.4 ENE, KY US","    0",",,N","    0",",,N",,,,
"US1KYSH0012","2021-08-22","38.2801","-85.0975","273.1","SHELBYVILLE 8.4 ENE, KY US","    0",",,N","    0",",,N",,,,
"US1KYSH0012","2021-08-23","38.2801","-85.0975","273.1","SHELBYVILLE 8.4 ENE, KY US","    0",",,N","    0",",,N",,,,
"US1KYSH0012","2021-08-24","38.2801","-85.0975","273.1","SHELBYVILLE 8.4 ENE, KY US","    0",",,N","    0",",,N",,,,
"US1KYSH0012","2021-08-25","38.2801","-85.0975","273.1","SHELBYVILLE 8.4 ENE, KY US","    0",",,N","    0",",,N",,,,
"US1KYSH0012","2021-08-26","38.2801","-85.0975","273.1","SHELBYVILLE 8.4 ENE, KY US","    0",",,N","    0",",,N",,,,
"US1KYSH0012","2021-08-27","38.2801","-85.0975","273.1","SHELBYVILLE 8.4 ENE, KY US","    0",",,N","    0",",,N",,,,
"US1KYSH0012","2021-08-28","38.2801","-85.0975","273.1","SHELBYVILLE 8.4 ENE, KY US","   20",",,N",,,,,,
"US1KYSH0012","2021-08-29","38.2801","-85.0975","273.1","SHELBYVILLE 8.4 ENE, KY US","    0",",,N","    0",",,N",,,,
"US1KYSH0012","2021-08-30","38.2801","-85.0975","273.1","SHELBYVILLE 8.4 ENE, KY US","    0",",,N","    0",",,N",,,,
"US1KYSH0012","2021-08-31","38.2801","-85.0975","273.1","SHELBYVILLE 8.4 ENE, KY US","  277",",,N",,,,,,
"US1KYSH0012","2021-09-01","38.2801","-85.0975","273.1","SHELBYVILLE 8.4 ENE, KY US","  401",",,N",,,,,,
"US1KYSH0012","2021-09-02","38.2801","-85.0975","273.1","SHELBYVILLE 8.4 ENE, KY US","    0",",,N","    0",",,N",,,,
"US1KYSH0012","2021-09-03","38.2801","-85.0975","273.1","SHELBYVILLE 8.4 ENE, KY US","    0",",,N","    0",",,N",,,,
"US1KYSH0012","2021-09-04","38.2801","-85.0975","273.1","SHELBYVILLE 8.4 ENE, KY US","    0",",,N","    0",",,N",,,,
"US1KYSH0012","2021-09-05","38.2801","-85.0975","273.1","SHELBYVILLE 8.4 ENE, KY US","  127",",,N",,,,,,
"US1KYSH0012","2021-09-06","38.2801","-85.0975","273.1","SHELBYVILLE 8.4 ENE, KY US","   84",",,N",,,,,,
"US1KYSH0012","2021-09-07","38.2801","-85.0975","273.1","SHELBYVILLE 8.4 ENE, KY US","    0",",,N","    0",",,N",,,,
"US1KYSH0012","2021-09-08","38.2801","-85.0975","273.1","SHELBYVILLE 8.4 ENE, KY US","    5",",,N",,,,,,
"US1KYSH0012","2021-09-09","38.2801","-85.0975","273.1","SHELBYVILLE 8.4 ENE, KY US","   84",",,N",,,,,,
"US1KYSH0012","2021-09-10","38.2801","-85.0975","273.1","SHELBYVILLE 8.4 ENE, KY US","    0",",,N","    0",",,N",,,,
"US1KYSH0012","2021-09-11","38.2801","-85.0975","273.1","SHELBYVILLE 8.4 ENE, KY US","    0",",,N","    0",",,N",,,,
"US1KYSH0012","2021-09-12","38.2801","-85.0975","273.1","SHELBYVILLE 8.4 ENE, KY US","    0",",,N","    0",",,N",,,,
"US1KYSH0012","2021-09-13","38.2801","-85.0975","273.1","SHELBYVILLE 8.4 ENE, KY US","    0",",,N","    0",",,N",,,,
"US1KYSH0012","2021-09-14","38.2801","-85.0975","273.1","SHELBYVILLE 8.4 ENE, KY US","    0",",,N","    0",",,N",,,,
"US1KYSH0012","2021-09-15","38.2801","-85.0975","273.1","SHELBYVILLE 8.4 ENE, KY US","    0",",,N","    0",",,N",,,,
"US1KYSH0012","2021-09-16","38.2801","-85.0975","273.1","SHELBYVILLE 8.4 ENE, KY US","   15",",,N",,,,,,
"US1KYSH0012","2021-09-17","38.2801","-85.0975","273.1","SHELBYVILLE 8.4 ENE, KY US","    0",",,N","    0",",,N",,,,
"US1KYSH0012","2021-09-18","38.2801","-85.0975","273.1","SHELBYVILLE 8.4 ENE, KY US","    0",",,N","    0",",,N",,,,
"US1KYSH0012","2021-09-19","38.2801","-85.0975","273.1","SHELBYVILLE 8.4 ENE, KY US","    0",",,N","    0",",,N",,,,
"US1KYSH0012","2021-09-20","38.2801","-85.0975","273.1","SHELBYVILLE 8.4 ENE, KY US","    5",",,N",,,,,,
"US1KYSH0012","2021-09-21","38.2801","-85.0975","273.1","SHELBYVILLE 8.4 ENE, KY US","  211",",,N",,,,,,
"US1KYSH0012","2021-09-22","38.2801","-85.0975","273.1","SHELBYVILLE 8.4 ENE, KY US","  102",",,N",,,,,,
"US1KYSH0012","2021-09-23","38.2801","-85.0975","273.1","SHELBYVILLE 8.4 ENE, KY US","  279",",,N",,,,,,
"US1KYSH0012","2021-09-24","38.2801","-85.0975","273.1","SHELBYVILLE 8.4 ENE, KY US","    0",",,N","    0",",,N",,,,
"US1KYSH0012","2021-09-25","38.2801","-85.0975","273.1","SHELBYVILLE 8.4 ENE, KY US","    0",",,N","    0",",,N",,,,
"US1KYSH0012","2021-09-26","38.2801","-85.0975","273.1","SHELBYVILLE 8.4 ENE, KY US","    0",",,N","    0",",,N",,,,
"US1KYSH0012","2021-09-27","38.2801","-85.0975","273.1","SHELBYVILLE 8.4 ENE, KY US","    0",",,N","    0",",,N",,,,
"US1KYSH0012","2021-09-28","38.2801","-85.0975","273.1","SHELBYVILLE 8.4 ENE, KY US","    0",",,N","    0",",,N",,,,
"US1KYSH0012","2021-09-29","38.2801","-85.0975","273.1","SHELBYVILLE 8.4 ENE, KY US","    0",",,N","    0",",,N",,,,
"US1KYSH0012","2021-09-30","38.2801","-85.0975","273.1","SHELBYVILLE 8.4 ENE, KY US","    0",",,N","    0",",,N",,,,
"US1KYSH0012","2021-10-01","38.2801","-85.0975","273.1","SHELBYVILLE 8.4 ENE, KY US","    0",",,N","    0",",,N",,,,
"US1KYSH0012","2021-10-02","38.2801","-85.0975","273.1","SHELBYVILLE 8.4 ENE, KY US","    0",",,N","    0",",,N",,,,
"US1KYSH0012","2021-10-03","38.2801","-85.0975","273.1","SHELBYVILLE 8.4 ENE, KY US","   76",",,N",,,,,,
"US1KYSH0012","2021-10-04","38.2801","-85.0975","273.1","SHELBYVILLE 8.4 ENE, KY US","  257",",,N",,,,,,
"US1KYSH0012","2021-10-07","38.2801","-85.0975","273.1","SHELBYVILLE 8.4 ENE, KY US",,,,,"    3",",,N","  157",",,N"
"US1KYSH0012","2021-10-08","38.2801","-85.0975","273.1","SHELBYVILLE 8.4 ENE, KY US","    5",",,N",,,,,,
"US1KYSH0012","2021-10-09","38.2801","-85.0975","273.1","SHELBYVILLE 8.4 ENE, KY US","    0",",,N","    0",",,N",,,,
"US1KYSH0012","2021-10-10","38.2801","-85.0975","273.1","SHELBYVILLE 8.4 ENE, KY US","    0",",,N","    0",",,N",,,,
"US1KYSH0012","2021-10-11","38.2801","-85.0975","273.1","SHELBYVILLE 8.4 ENE, KY US","    0",",,N","    0",",,N",,,,
"US1KYSH0012","2021-10-12","38.2801","-85.0975","273.1","SHELBYVILLE 8.4 ENE, KY US","    0",",,N","    0",",,N",,,,
"US1KYSH0012","2021-10-13","38.2801","-85.0975","273.1","SHELBYVILLE 8.4 ENE, KY US","    0",",,N","    0",",,N",,,,
"US1KYSH0012","2021-10-14","38.2801","-85.0975","273.1","SHELBYVILLE 8.4 ENE, KY US","   36",",,N",,,,,,
"US1KYSH0012","2021-10-15","38.2801","-85.0975","273.1","SHELBYVILLE 8.4 ENE, KY US","    0",",,N","    0",",,N",,,,
"US1KYSH0012","2021-10-16","38.2801","-85.0975","273.1","SHELBYVILLE 8.4 ENE, KY US","  132",",,N",,,,,,
"US1KYSH0012","2021-10-17","38.2801","-85.0975","273.1","SHELBYVILLE 8.4 ENE, KY US","    0",",,N","    0",",,N",,,,
"US1KYSH0012","2021-10-18","38.2801","-85.0975","273.1","SHELBYVILLE 8.4 ENE, KY US","    0",",,N","    0",",,N",,,,
"US1KYSH0012","2021-10-19","38.2801","-85.0975","273.1","SHELBYVILLE 8.4 ENE, KY US","    0",",,N","    0",",,N",,,,
"US1KYSH0012","2021-10-20","38.2801","-85.0975","273.1","SHELBYVILLE 8.4 ENE, KY US","    0",",,N","    0",",,N",,,,
"US1KYSH0012","2021-10-21","38.2801","-85.0975","273.1","SHELBYVILLE 8.4 ENE, KY US","    0",",,N","    0",",,N",,,,
"US1KYSH0012","2021-10-22","38.2801","-85.0975","273.1","SHELBYVILLE 8.4 ENE, KY US","    0",",,N","    0",",,N",,,,
"US1KYSH0012","2021-10-23","38.2801","-85.0975","273.1","SHELBYVILLE 8.4 ENE, KY US","    0",",,N","    0",",,N",,,,
"US1KYSH0012","2021-10-26","38.2801","-85.0975","273.1","SHELBYVILLE 8.4 ENE, KY US",,,,,"    3",",,N","  140",",,N"
"US1KYSH0012","2021-10-27","38.2801","-85.0975","273.1","SHELBYVILLE 8.4 ENE, KY US","    0",",,N","    0",",,N",,,,
"US1KYSH0012","2021-10-28","38.2801","-85.0975","273.1","SHELBYVILLE 8.4 ENE, KY US","    0",",,N","    0",",,N",,,,
"US1KYSH0012","2021-10-29","38.2801","-85.0975","273.1","SHELBYVILLE 8.4 ENE, KY US","   51",",,N",,,,,,
"US1KYSH0012","2021-10-30","38.2801","-85.0975","273.1","SHELBYVILLE 8.4 ENE, KY US","  206",",,N",,,,,,
"US1KYSH0012","2021-10-31","38.2801","-85.0975","273.1","SHELBYVILLE 8.4 ENE, KY US","   53",",,N",,,,,,
"US1KYSH0012","2021-11-01","38.2801","-85.0975","273.1","SHELBYVILLE 8.4 ENE, KY US","    0",",,N","    0",",,N",,,,
"US1KYSH0012","2021-11-02","38.2801","-85.0975","273.1","SHELBYVILLE 8.4 ENE, KY US","    5",",,N",,,,,,
"US1KYSH0012","2021-11-03","38.2801","-85.0975","273.1","SHELBYVILLE 8.4 ENE, KY US","    0",",,N","    0",",,N",,,,
"US1KYSH0012","2021-11-04","38.2801","-85.0975","273.1","SHELBYVILLE 8.4 ENE, KY US","    0",",,N","    0",",,N",,,,
"US1KYSH0012","2021-11-05","38.2801","-85.0975","273.1","SHELBYVILLE 8.4 ENE, KY US","    0",",,N","    0",",,N",,,,
"US1KYSH0012","2021-11-06","38.2801","-85.0975","273.1","SHELBYVILLE 8.4 ENE, KY US","    0",",,N","    0",",,N",,,,
"US1KYSH0012","2021-11-07","38.2801","-85.0975","273.1","SHELBYVILLE 8.4 ENE, KY US","    0",",,N","    0",",,N",,,,
"US1KYSH0012","2021-11-08","38.2801","-85.0975","273.1","SHELBYVILLE 8.4 ENE, KY US","    0",",,N","    0",",,N",,,,
"US1KYSH0012","2021-11-09","38.2801","-85.0975","273.1","SHELBYVILLE 8.4 ENE, KY US","    0",",,N","    0",",,N",,,,
"US1KYSH0012","2021-11-10","38.2801","-85.0975","273.1","SHELBYVILLE 8.4 ENE, KY US","    0",",,N","    0",",,N",,,,
"US1KYSH0012","2021-11-11","38.2801","-85.0975","273.1","SHELBYVILLE 8.4 ENE, KY US","    0",",,N","    0",",,N",,,,
"US1KYSH0012","2021-11-12","38.2801","-85.0975","273.1","SHELBYVILLE 8.4 ENE, KY US","  188",",,N",,,,,,
